Workbook

Sheet MANZ. A
B3: SERVIU REGION DE LA ARAUCANIA | C3: CUADRO RESUMEN DE CONTROL RECEPCIONADO
A6: OBRA | B6: CAMPOS DEL SUR II | C6: FECHA | G6: 12.02.2025 | J6: R3 | N6: R18 | R6: R28 | V6: R38 | Z6: R55 | AD6: R74 | AH6: R98 | AL6: R112
A7: COMUNA | B7: RENAICO | J7: R7 | N7: R19 | R7: R29 | V7: R39 | Z7: R58 | AD7: R81 | AH7: R99 | AL7: R113
A8: CONTRATISTA | B8: CONSTRUCTORA CIMOL S.P.A | J8: R9 | N8: R20 | R8: R30 | V8: R41 | Z8: R60 | AD8: R83 | AH8: R100 | AL8: R114
A9: RESIDENTE DE OBRA | B9: EDGAR MORALES ALARCON | J9: R10 | N9: R21 | R9: R31 | V9: R42 | Z9: R61 | AD9: R84 | AH9: R101 | AL9: R116
A10: AUTOCONTROL | B10: IGNACIO MEDINA MEDINA | J10: R11 | N10: R22 | R10: R32 | V10: R44 | Z10: R63 | AD10: R85 | AH10: R104 | AL10: R117
A11: AUTOCONTROL | B11: MICHEL BERGER HUICHANAO | J11: R12 | N11: R23 | R11: R33 | V11: R45 | Z11: R64 | AD11: R86 | AH11: R105
A12: E.P. | B12: PLAN SOCIAL | C12: VERSION | G12: 1.0 | J12: R13 | N12: R24 | R12: R34 | V12: R46 | Z12: R65 | AD12: R87 | AH12: R106
A13: S.A.T. | B13: OBED CEA LONCONADO | J13: R14 | N13: R25 | R13: R35 | V13: R47 | Z13: R67 | AD13: R88 | AH13: R107
A14: F.T.O. | J14: R15 | N14: R26 | R14: R36 | V14: R51 | Z14: R68 | AD14: R90 | AH14: R109
A15: CODIGO | B15: 182948 | J15: R16 | N15: R27 | R15: R37 | V15: R52 | Z15: R69 | AD15: R95 | AH15: R110
A17: ITEM | B17: DESIGNACIÓN | C17: UBICACIÓN
C18: VIVIENDA LOTE Nº | AD18: MANZANA : | AJ18: A
C19: 1 | E19: 2 | G19: T. REV | H19: TOTAL
A20: B | B20: OBRA GRUESA | C20: AT | D20: RV | E20: AT | F20: RV
A21: B.1 | B21: FUNDACIONES
A22: B.1.1 | B22: Replanteo, trazado y niveles | C22: R37 | E22: R37
A23: B.1.2 | B23: Excavación | C23: R37 | E23: R37
A24: B.1.3 | B24: Emplantillado (G5) | C24: R37 | E24: R37
A25: B.1.4 | B25: Hormigón cimientos (G10) | C25: R37 | E25: R37
A26: B.1.5 | B26: Hormigón sobrecimientos (G17) | C26: R37 | E26: R37
A27: B.1.6 | B27: Enfierradura | C27: R37 | E27: R37
A28: B.1.7 | B28: Moldajes | C28: R37 | E28: R37
A29: B.2 | B29: RADIER
A30: B.2.1 | B30: Base (Cama de ripio) e=0,08 mts
A31: B.2.2 | B31: Hormigón (G15)
A32: B.3 | B32: MUROS 1 piso
A33: B.3.3.1 | B33: Entramado Estructural
A34: B.4 | B34: ESTRUCTURA HORIZONTAL (ENTREPISO)
A35: B.4.4.1 | B35: Madera
A36: B.4.4.2 | B36: Terciado estructural (15mm)
A37: B.5 | B37: MUROS 2 piso
A38: B.5.3.1 | B38: Entramado Estructural (2do P)
A39: B.6 | B39: CUBIERTA
A40: B.6.1.1 | B40: Madera
... A166: D.EX.4 | B166: Timbre de luz
B180: ADMINISTRADOR DE OBRA | F180: AUTOCONTROL | W180: F.T.O | AI180: S.A.T.
B181: EDGAR MORALES ALARCON | F181: IGNACIO MEDINA MEDINA | AN181: OBED CEA LONCONADO

Sheet MANZ. B
B1: SERVIU REGION DE LA ARAUCANIA | C1: CUADRO RESUMEN DE CONTROL RECEPCIONADO
A4: OBRA | B4: CAMPOS DEL SUR II | C4: FECHA | E4: 46037 | G4: R20 | H4: 45933
A5: COMUNA | B5: RENAICO | G5: R23 | H5: 45954
A6: CONTRATISTA | B6: CONSTRUCTORA CIMOL S.P.A | G6: R24 | H6: 45960
A7: RESIDENTE DE OBRA | B7: EDGAR MORALES ALARCON | G7: R25 | H7: 45968
A8: AUTOCONTROL | B8: IGNACIO MEDINA MEDINA | G8: R26 | H8: 45975
A9: AUTOCONTROL | B9: MICHEL BERGER HUICHANAO | G9: R27 | H9: 45982
A10: E.P. | B10: PLAN SOCIAL | C10: VERSION | E10: 1.0 | G10: R36 | H10: 46045
A11: S.A.T. | B11: OBED CEA LONCONADO
A12: F.T.O. | B12: MAURICIO DIAZ BARRA
A13: CODIGO | B13: 182948
A15: ITEM | B15: DESIGNACIÓN | C15: UBICACIÓN
C16: VIVIENDA LOTE Nº | K16: MANZANA : | Q16: B
C17: 1 | E17: 2 | G17: 3 | I17: 4 | K17: 5 | M17: 6 | O17: 7 | Q17: T. REV | R17: TOTAL
A18: B | B18: OBRA GRUESA | C18: AT | D18: RV | E18: AT | F18: RV | G18: AT | H18: RV | I18: AT | J18: RV | K18: AT | L18: RV | M18: AT | N18: RV | O18: AT | P18: RV
A19: B.1 | B19: FUNDACIONES
A20: B.1.1 | B20: Replanteo, trazado y niveles | C20: R36 | G20: R20 | I20: R20 | K20: R20 | M20: R20 | Q20: =COUNTIF(C20:P20,">=R") -> 5 | R20: =Q20 -> 5
A21: B.1.2 | B21: Excavación | C21: R36 | G21: R26 | I21: R26 | K21: R26 | M21: R20 | Q21: =COUNTIF(C21:P21,">=R") -> 5 | R21: =Q21 -> 5
A22: B.1.3 | B22: Emplantillado (G5) | C22: R36 | G22: R26 | I22: R26 | K22: R26 | M22: R26 | Q22: =COUNTIF(C22:P22,">=R") -> 5 | R22: =Q22 -> 5
A23: B.1.4 | B23: Hormigón cimientos (G10) | C23: R36 | G23: R26 | I23: R26 | K23: R26 | M23: R26 | Q23: =COUNTIF(C23:P23,">=R") -> 5 | R23: =Q23 -> 5
A24: B.1.5 | B24: Hormigón sobrecimientos (G17) | C24: R36 | G24: R26 | I24: R26 | K24: R25 | M24: R25 | Q24: =COUNTIF(C24:P24,">=R") -> 5 | R24: =Q24 -> 5
A25: B.1.6 | B25: Enfierradura | C25: R36 | G25: R26 | I25: R26 | K25: R25 | M25: R25 | Q25: =COUNTIF(C25:P25,">=R") -> 5 | R25: =Q25 -> 5
A26: B.1.7 | B26: Moldajes | C26: R36 | G26: R26 | I26: R26 | K26: R25 | M26: R25 | Q26: =COUNTIF(C26:P26,">=R") -> 5 | R26: =Q26 -> 5
A27: B.2 | B27: RADIER
A28: B.2.1 | B28: Base (Cama de ripio) e=0,08 mts | C28: R36 | G28: R26 | I28: R26 | K28: R25 | M28: R25 | Q28: =COUNTIF(C28:P28,">=R") -> 5 | R28: =Q28 -> 5
A29: B.2.2 | B29: Hormigón (G15) | C29: R36 | G29: R26 | I29: R26 | K29: R25 | M29: R25 | Q29: =COUNTIF(C29:P29,">=R") -> 5 | R29: =Q29 -> 5
A30: B.3 | B30: MUROS 1 piso
A31: B.3.3.1 | B31: Entramado Estructural | Q31: =COUNTIF(C22:P22,">=R") -> 5 | R31: =Q22 -> 5
A32: B.4 | B32: ESTRUCTURA HORIZONTAL (ENTREPISO)
A33: B.4.4.1 | B33: Madera | Q33: =COUNTIF(C25:P25,">=R") -> 5 | R33: =Q25 -> 5
A34: B.4.4.2 | B34: Terciado estructural (15mm)
A35: B.5 | B35: MUROS 2 piso
A36: B.5.3.1 | B36: Entramado Estructural (2do P) | Q36: =COUNTIF(C29:P29,">=R") -> 5 | R36: =Q29 -> 5
A37: B.6 | B37: CUBIERTA
A38: B.6.1.1 | B38: Madera | Q38: =COUNTIF(C38:P38,">=R") -> 0 | R38: =Q38 -> 0
A39: B.6.2.1 | B39: Acero galvanizado (0.35mm) | Q39: =COUNTIF(C39:P39,">=R") -> 0 | R39: =Q39 -> 0
A40: B.6.3 | B40: Hojalatería | Q40: =COUNTIF(C40:P40,">=R") -> 0 | R40: =Q40 -> 0
A41: B.6.3.1 | B41: Canales | Q41: =COUNTIF(C41:P41,">=R") -> 0 | R41: =Q41 -> 0
A42: B.6.3.2 | B42: Bajadas y Hojalaterias | Q42: =COUNTIF(C42:P42,">=R") -> 0 | R42: =Q42 -> 0
A43: B.6.EX.1 | B43: Caballete | Q43: =COUNTIF(C43:P43,">=R") -> 0 | R43: =Q43 -> 0
A44: B.6.EX.2 | B44: Esquineros | Q44: =COUNTIF(C44:P44,">=R") -> 0 | R44: =Q44 -> 0
A45: B.6.EX.3 | B45: Forro Terminal Alero | Q45: =COUNTIF(C45:P45,">=R") -> 0 | R45: =Q45 -> 0
A46: B.6.EX.4 | B46: Forro Cortagotera Sobrecimento | Q46: =COUNTIF(C46:P46,">=R") -> 0 | R46: =Q46 -> 0
A47: C.1 | B47: REVESTIMIENTOS MUROS Y TABIQUES
A48: C.1.1 | B48: Exterior | Q48: =COUNTIF(C48:P48,">=R") -> 0 | R48: =Q48 -> 0
A49: C.1.1.2 | B49: Placas Smart Panel 11,1 mm tipo H | Q49: =COUNTIF(C49:P49,">=R") -> 0 | R49: =Q49 -> 0
A50: C.1.1.3 | B50: Placas de fibrocemento 4 mm | Q50: =COUNTIF(C50:P50,">=R") -> 0 | R50: =Q50 -> 0
A51: C.1.2 | B51: Interior zona seca | Q51: =COUNTIF(C51:P51,">=R") -> 0 | R51: =Q51 -> 0
A52: C.1.2.2.1 | B52: Yeso cartón 10 mm | Q52: =COUNTIF(C52:P52,">=R") -> 0 | R52: =Q52 -> 0
A53: C.1.2.2.2 | B53: Yeso cartón 15 mm (Adosamiento) | Q53: =COUNTIF(C53:P53,">=R") -> 0 | R53: =Q53 -> 0
A54: C.1.3 | B54: Interior zona húmeda | Q54: =COUNTIF(C54:P54,">=R") -> 0 | R54: =Q54 -> 0
A55: C.1.3.3 | B55: Fibrocemento 6 mm (Simplisima) | Q55: =COUNTIF(C55:P55,">=R") -> 0 | R55: =Q55 -> 0
A56: C.2 | B56: AISLACION TERMICA MUROS (INCLUYE BARRERAS DE HUMEDAD Y VAPOR)
A57: C.2.1.2 | B57: Aislacion sobrecimiento 40 mm 15 kg/m3 | Q57: =COUNTIF(C57:P57,">=R") -> 0 | R57: =Q57 -> 0
A58: C.2.1.3 | B58: Aislacion madera 4x4 | Q58: =COUNTIF(C58:P58,">=R") -> 0 | R58: =Q58 -> 0
A59: C.2.3.1 | B59: Lana de vidrio Muros Perimetrales 94 mm 11 kg/m3 | Q59: =COUNTIF(C59:P59,">=R") -> 0 | R59: =Q59 -> 0
A60: C.2.3.1.B | B60: Lana de vidrio 50 mm 11 kg/m3 | Q60: =COUNTIF(C60:P60,">=R") -> 0 | R60: =Q60 -> 0
A61: C.3 | B61: CIELO
A62: C.3.2 | B62: Estructura cielo falso | Q62: =COUNTIF(C62:P62,">=R") -> 0 | R62: =Q62 -> 0
A63: C.3.2.1 | B63: Madera | Q63: =COUNTIF(C63:P63,">=R") -> 0 | R63: =Q63 -> 0
A64: C.3.3 | B64: Revestimiento zona seca | Q64: =COUNTIF(C64:P64,">=R") -> 0 | R64: =Q64 -> 0
A65: C.3.3.1 | B65: Yeso cartón 10 mm | Q65: =COUNTIF(C65:P65,">=R") -> 0 | R65: =Q65 -> 0
A66: C.3.4 | B66: Revestimiento zona húmeda | Q66: =COUNTIF(C66:P66,">=R") -> 0 | R66: =Q66 -> 0
A67: C.3.4.2 | B67: Yeso cartón 12.5 mm RH | Q67: =COUNTIF(C67:P67,">=R") -> 0 | R67: =Q67 -> 0
A68: C.4 | B68: AISLACIÓN TÉRMICA CUBIERTA
A69: C.4.3.1 | B69: Lana de vidrio 160 mm 11 kg/m3 | Q69: =COUNTIF(C69:P69,">=R") -> 0 | R69: =Q69 -> 0
A70: C.5 | B70: REVESTIMIENTO PISOS
A71: C.5.1.3 | B71: Cerámica Antideslizante (piso) | Q71: =COUNTIF(C71:P71,">=R") -> 0 | R71: =Q71 -> 0
A72: C.5.4 | B72: Piso Flotante 6mm | Q72: =COUNTIF(C72:P72,">=R") -> 0 | R72: =Q72 -> 0
A73: C.6 | B73: AISLACIÓN TÉRMICA PISOS
A74: C.6.3 | B74: Lana de vidrio 80 mm 11 kg/m3 | Q74: =COUNTIF(C74:P74,">=R") -> 0 | R74: =Q74 -> 0
A75: C.7 | B75: ESCALERA INTERIOR
A76: C.7.1 | B76: Escalera (estructura, peldaños, baranda y pasamanos) | Q76: =COUNTIF(C76:P76,">=R") -> 0 | R76: =Q76 -> 0
A77: C.8 | B77: ALEROS Y FRONTONES
A78: C.8.1.1 | B78: Madera Frontones y Aleros | Q78: =COUNTIF(C78:P78,">=R") -> 0 | R78: =Q78 -> 0
A79: C.8.2 | B79: Revestimiento | Q79: =COUNTIF(C79:P79,">=R") -> 0 | R79: =Q79 -> 0
A80: C.8.2.3 | B80: Madera placas frontones smart panel H 11.1mm | Q80: =COUNTIF(C80:P80,">=R") -> 0 | R80: =Q80 -> 0
A81: C.8.3 | B81: Rejillas de ventilacion | Q81: =COUNTIF(C81:P81,">=R") -> 0 | R81: =Q81 -> 0
A82: C.8.3.1 | B82: Rejilla de ventilacion adicional (Cocina) | Q82: =COUNTIF(C82:P82,">=R") -> 0 | R82: =Q82 -> 0
A83: C.8.4 | B83: Tapacan (Smart Panel) | Q83: =COUNTIF(C83:P83,">=R") -> 0 | R83: =Q83 -> 0
A84: C.8.5.1 | B84: Fibrocemento 4 mm (Rev. Alero) | Q84: =COUNTIF(C84:P84,">=R") -> 0 | R84: =Q84 -> 0
A85: C.9 | B85: PUERTAS Y VENTANAS
A86: C.9.1 | B86: Marcos | Q86: =COUNTIF(C86:P86,">=R") -> 0 | R86: =Q86 -> 0
A87: C.9.1.1 | B87: Madera | Q87: =COUNTIF(C87:P87,">=R") -> 0 | R87: =Q87 -> 0
A88: C.9.2 | B88: Puertas interiores | Q88: =COUNTIF(C88:P88,">=R") -> 0 | R88: =Q88 -> 0
A89: C.9.2.1 | B89: Puerta ancho 70 | Q89: =COUNTIF(C89:P89,">=R") -> 0 | R89: =Q89 -> 0
A90: C.9.2.4 | B90: Puerta ancho 85 | Q90: =COUNTIF(C90:P90,">=R") -> 0 | R90: =Q90 -> 0
A91: C.9.3 | B91: Puerta exteriores | Q91: =COUNTIF(C91:P91,">=R") -> 0 | R91: =Q91 -> 0
A92: C.9.3.1 | B92: Puerta ancho 80 (Metalica) | Q92: =COUNTIF(C92:P92,">=R") -> 0 | R92: =Q92 -> 0
A93: C.9.3.2 | B93: Puerta ancho 85 (Metalica) | Q93: =COUNTIF(C93:P93,">=R") -> 0 | R93: =Q93 -> 0
A94: C.9.4 | B94: Quincallería (incluye chapas, perillas, bisagras y topes) | Q94: =COUNTIF(C94:P94,">=R") -> 0 | R94: =Q94 -> 0
A95: C.9.4.1 | B95: Puerta principal | Q95: =COUNTIF(C95:P95,">=R") -> 0 | R95: =Q95 -> 0
A96: C.9.4.2 | B96: Baño | Q96: =COUNTIF(C96:P96,">=R") -> 0 | R96: =Q96 -> 0
A97: C.9.4.3 | B97: Interior | Q97: =COUNTIF(C97:P97,">=R") -> 0 | R97: =Q97 -> 0
... A100: C.9.5.2 | B100: PVC TERMOPANEL | Q100: =COUNTIF(C100:P100,">=R") -> 0 | R100: =Q100 -> 0
A101: C.10 | B101: MOLDURAS
A102: C.10.1 | B102: Guardapolvos | Q102: =COUNTIF(C102:P102,">=R") -> 0 | R102: =Q102 -> 0
A103: C.10.2 | B103: Cornisas | Q103: =COUNTIF(C103:P103,">=R") -> 0 | R103: =Q103 -> 0
A104: C.11 | B104: PINTURAS
A105: C.11.1 | B105: Óleo | Q105: =COUNTIF(C105:P105,">=R") -> 0 | R105: =Q105 -> 0
...

Sheet MANZ.C
B1: SERVIU REGION DE LA ARAUCANIA | C1: CUADRO RESUMEN DE CONTROL RECEPCIONADO
A4: OBRA | B4: CAMPOS DEL SUR II | C4: FECHA | G4: 46037 | J4: R3 | K4: 45807 | N4: R12 | O4: 45870 | R4: R23 | S4: 45954 | V4: R32 | W4: 46015
A5: COMUNA | B5: RENAICO | J5: R4 | K5: 45814 | N5: R13 | O5: 45883 | R5: R24 | S5: 45960 | V5: R33 | W5: 46022
A6: CONTRATISTA | B6: CONSTRUCTORA CIMOL S.P.A | J6: R5 | K6: 45821 | N6: R14 | O6: 45891 | R6: R25 | S6: 45968 | V6: R34 | W6: 46031
A7: RESIDENTE DE OBRA | B7: EDGAR MORALES ALARCON | J7: R6 | K7: 45827 | N7: R16 | O7: 45905 | R7: R26 | S7: 45975 | V7: R35 | W7: 46038
A8: AUTOCONTROL | B8: MICHEL BERGER HUICHANAO | J8: R7 | K8: 45835 | N8: R17 | O8: 45912 | R8: R27 | S8: 45982 | V8: R36 | W8: 46045
A9: E.P. | B9: PLAN SOCIAL | C9: VERSION | G9: 1.0 | J9: R8 | K9: 45842 | N9: R18 | O9: 45916 | R9: R28 | S9: 45989 | V9: R37 | W9: 46052
A10: S.A.T. | B10: OBED CEA LONCONADO | J10: R9 | K10: 45849 | N10: R20 | O10: 45933 | R10: R29 | S10: 45996
A11: F.T.O. | B11: MAURICIO DIAZ BARRA | J11: R10 | K11: 45855 | N11: R21 | O11: 45940 | R11: R30 | S11: 46003
A12: CODIGO | B12: 182948 | J12: R11 | K12: 45863 | N12: R22 | O12: 45947 | R12: R31 | S12: 46010
A14: ITEM | B14: DESIGNACIÓN | C14: UBICACIÓN
C15: VIVIENDA LOTE Nº | AD15: MANZANA : | AJ15: C
C16: 1 | E16: 2 | G16: 3 | I16: 4 | K16: 5 | M16: 6 | O16: 7 | Q16: 8 | S16: 9 | U16: 10 | W16: 11 | Y16: 12 | AA16: 13 | AC16: 14 | AE16: 15 | AG16: 16 | AI16: 17 | AK16: T. REV | AL16: TOTAL
A17: B | B17: OBRA GRUESA | C17: AT | D17: RV | E17: AT | F17: RV | G17: AT | H17: RV | I17: AT | J17: RV | K17: AT | L17: RV | M17: AT | N17: RV | O17: AT | P17: RV | Q17: AT | R17: RV | S17: AT | T17: RV | U17: AT | V17: RV | W17: AT | X17: RV | Y17: AT | Z17: RV | AA17: AT | AB17: RV | AC17: AT | AD17: RV | AE17: AT | AF17: RV | AG17: AT | AH17: RV | AI17: AT | AJ17: RV
A18: B.1 | B18: FUNDACIONES
A19: B.1.1 | B19: Replanteo, trazado y niveles | C19: R3 | E19: R3 | G19: R3 | I19: R4 | K19: R4 | M19: R4 | O19: R4 | Q19: R7 | S19: R7 | U19: R7 | W19: R7 | Y19: R7 | AA19: R7 | AC19: R7 | AE19: R7 | AG19: R7 | AI19: R7 | AK19: =COUNTIF(C19:AJ19,">=R") -> 17 | AL19: =AK19 -> 17
A20: B.1.2 | B20: Excavación | C20: R3 | E20: R3 | G20: R3 | I20: R4 | K20: R4 | M20: R4 | O20: R4 | Q20: R7 | S20: R8 | U20: R26 | W20: R8 | Y20: R8 | AA20: R8 | AC20: R8 | AE20: R8 | AG20: R8 | AI20: R9 | AK20: =COUNTIF(C20:AJ20,">=R") -> 17 | AL20: =AK20 -> 17
A21: B.1.3 | B21: Emplantillado (G5) | C21: R3 | E21: R3 | G21: R3 | I21: R5 | K21: R5 | M21: R5 | O21: R5 | Q21: R7 | S21: R8 | U21: R9 | W21: R9 | Y21: R8 | AA21: R8 | AC21: R8 | AE21: R8 | AG21: R8 | AI21: R9 | AK21: =COUNTIF(C21:AJ21,">=R") -> 17 | AL21: =AK21 -> 17
A22: B.1.4 | B22: Hormigón cimientos (G10) | C22: R3 | E22: R3 | G22: R3 | I22: R5 | K22: R5 | M22: R5 | O22: R5 | Q22: R7 | S22: R8 | U22: R9 | W22: R9 | Y22: R8 | AA22: R8 | AC22: R8 | AE22: R8 | AG22: R8 | AI22: R9 | AK22: =COUNTIF(C22:AJ22,">=R") -> 17 | AL22: =AK22 -> 17
A23: B.1.5 | B23: Hormigón sobrecimientos (G17) | C23: R4 | E23: R4 | G23: R4 | I23: R5 | K23: R5 | M23: R5 | O23: R5 | Q23: R9 | S23: R9 | U23: R9 | W23: R9 | Y23: R10 | AA23: R10 | AC23: R10 | AE23: R10 | AG23: R10 | AI23: R10 | AK23: =COUNTIF(C23:AJ23,">=R") -> 17 | AL23: =AK23 -> 17
A24: B.1.6 | B24: Enfierradura | C24: R4 | E24: R4 | G24: R4 | I24: R5 | K24: R5 | M24: R5 | O24: R5 | Q24: R9 | S24: R9 | U24: R9 | W24: R9 | Y24: R10 | AA24: R10 | AC24: R10 | AE24: R10 | AG24: R10 | AI24: R10 | AK24: =COUNTIF(C24:AJ24,">=R") -> 17 | AL24: =AK24 -> 17
A25: B.1.7 | B25: Moldajes | C25: R4 | E25: R4 | G25: R4 | I25: R5 | K25: R5 | M25: R5 | O25: R5 | Q25: R9 | S25: R9 | U25: R9 | W25: R9 | Y25: R10 | AA25: R10 | AC25: R10 | AE25: R10 | AG25: R10 | AI25: R10 | AK25: =COUNTIF(C25:AJ25,">=R") -> 17 | AL25: =AK25 -> 17
A26: B.2 | B26: RADIER
A27: B.2.1 | B27: Base (Cama de ripio) e=0,08 mts | C27: R4 | E27: R4 | G27: R4 | I27: R5 | K27: R5 | M27: R5 | O27: R5 | Q27: R9 | S27: R9 | U27: R9 | W27: R9 | Y27: R10 | AA27: R10 | AC27: R10 | AE27: R10 | AG27: R10 | AI27: R10 | AK27: =COUNTIF(C27:AJ27,">=R") -> 17 | AL27: =AK27 -> 17
A28: B.2.2 | B28: Hormigón (G15) | C28: R4 | E28: R4 | G28: R4 | I28: R5 | K28: R5 | M28: R5 | O28: R5 | Q28: R9 | S28: R9 | U28: R9 | W28: R9 | Y28: R10 | AA28: R10 | AC28: R10 | AE28: R10 | AG28: R10 | AI28: R10 | AK28: =COUNTIF(C28:AJ28,">=R") -> 17 | AL28: =AK28 -> 17
A29: B.3 | B29: MUROS 1 piso
A30: B.3.3.1 | B30: Entramado Estructural | C30: R6 | E30: R6 | G30: R6 | I30: R6 | K30: R9 | M30: R9 | O30: R9 | Q30: R12 | S30: R12 | U30: R12 | W30: R12 | Y30: R15 | AA30: R15 | AC30: R15 | AE30: R15 | AG30: R15 | AI30: R15 | AK30: =COUNTIF(C30:AJ30,">=R") -> 17 | AL30: =AK30 -> 17
A31: B.4 | B31: ESTRUCTURA HORIZONTAL (ENTREPISO)
A32: B.4.4.1 | B32: Madera | C32: R7 | E32: R7 | G32: R7 | I32: R7 | K32: R9 | M32: R9 | O32: R9 | Q32: R12 | S32: R12 | U32: R12 | W32: R12 | Y32: R17 | AA32: R17 | AC32: R17 | AE32: R17 | AG32: R17 | AI32: R17 | AK32: =COUNTIF(C32:AJ32,">=R") -> 17 | AL32: =AK32 -> 17
A33: B.4.4.2 | B33: Terciado estructural (15mm) | C33: R7 | E33: R7 | G33: R7 | I33: R7 | K33: R9 | M33: R9 | O33: R9 | Q33: R12 | S33: R12 | U33: R12 | W33: R12 | Y33: R17 | AA33: R17 | AC33: R17 | AE33: R17 | AG33: R17 | AI33: R17 | AK33: =COUNTIF(C33:AJ33,">=R") -> 17 | AL33: =AK33 -> 17
A34: B.5 | B34: MUROS 2 piso
A35: B.5.3.1 | B35: Entramado Estructural (2do P) | C35: R7 | E35: R7 | G35: R7 | I35: R7 | K35: R9 | M35: R9 | O35: R9 | Q35: R12 | S35: R12 | U35: R12 | W35: R12 | Y35: R15 | AA35: R15 | AC35: R15 | AE35: R15 | AG35: R15 | AI35: R15 | AK35: =COUNTIF(C35:AJ35,">=R") -> 17 | AL35: =AK35 -> 17
A36: B.6 | B36: CUBIERTA
A37: B.6.1.1 | B37: Madera | C37: R9 | E37: R9 | G37: R9 | I37: R9 | K37: R9 | M37: R11 | O37: R11 | Q37: R12 | S37: R12 | U37: R12 | W37: R12 | Y37: R15 | AA37: R15 | AC37: R15 | AE37: R15 | AG37: R15 | AI37: R15 | AK37: =COUNTIF(C37:AJ37,">=R") -> 17 | AL37: =AK37 -> 17
A38: B.6.2.1 | B38: Acero galvanizado (0.35mm) | C38: R9 | E38: R9 | G38: R10 | I38: R10 | K38: R10 | M38: R10 | O38: R10 | Q38: R15 | S38: R15 | U38: R15 | W38: R16 | Y38: R16 | AA38: R16 | AC38: R16 | AE38: R16 | AG38: R16 | AI38: R16 | AK38: =COUNTIF(C38:AJ38,">=R") -> 17 | AL38: =AK38 -> 17
A39: B.6.3 | B39: Hojalatería
A40: B.6.3.1 | B40: Canales | C40: R36 | E40: R36 | G40: R36 | I40: R36 | K40: R36 | M40: R36 | O40: R36 | Q40: R36 | S40: R36 | U40: R36 | W40: R36 | Y40: R36 | AA40: R36 | AC40: R36 | AE40: R36 | AG40: R36 | AI40: R36 | AK40: =COUNTIF(C40:AJ40,">=R") -> 17 | AL40: =AK40 -> 17
A41: B.6.3.2 | B41: Bajadas y Hojalaterias
A42: B.6.EX.1 | B42: Caballete | C42: R10 | E42: R10 | G42: R10 | I42: R10 | K42: R10 | M42: R10 | O42: R10 | Q42: R18 | S42: R18 | U42: R18 | W42: R18 | Y42: R18 | AA42: R18 | AC42: R18 | AE42: R18 | AG42: R18 | AI42: R18 | AK42: =COUNTIF(C42:AJ42,">=R") -> 17 | AL42: =AK42 -> 17
A43: B.6.EX.2 | B43: Esquineros | C43: R15 | E43: R15 | G43: R15 | I43: R15 | K43: R15 | M43: R15 | O43: R15 | Q43: R18 | S43: R18 | U43: R18 | W43: R18 | Y43: R18 | AA43: R18 | AC43: R18 | AE43: R18 | AG43: R18 | AI43: R20 | AK43: =COUNTIF(C43:AJ43,">=R") -> 17 | AL43: =AK43 -> 17
A44: B.6.EX.3 | B44: Forro Terminal Alero | C44: R15 | E44: R15 | G44: R15 | I44: R15 | K44: R15 | M44: R15 | O44: R15 | Q44: R18 | S44: R18 | U44: R18 | W44: R18 | Y44: R18 | AA44: R18 | AC44: R18 | AE44: R18 | AG44: R18 | AI44: R20 | AK44: =COUNTIF(C44:AJ44,">=R") -> 17 | AL44: =AK44 -> 17
A45: B.6.EX.4 | B45: Forro Cortagotera Sobrecimento | C45: R10 | E45: R10 | G45: R10 | I45: R10 | K45: R10 | M45: R10 | O45: R10 | Q45: R15 | S45: R15 | U45: R15 | W45: R15 | Y45: R15 | AA45: R15 | AC45: R15 | AE45: R15 | AG45: R21 | AI45: R20 | AK45: =COUNTIF(C45:AJ45,">=R") -> 17 | AL45: =AK45 -> 17
A46: C.1 | B46: REVESTIMIENTOS MUROS Y TABIQUES
A47: C.1.1 | B47: Exterior | AK47: =COUNTIF(C47:AJ47,">=R") -> 0 | AL47: =AK47 -> 0
A48: C.1.1.2 | B48: Placas Smart Panel 11,1 mm tipo H | C48: R16 | E48: R16 | G48: R11 | I48: R11 | K48: R11 | M48: R12 | O48: R10 | Q48: R16 | S48: R16 | U48: R16 | W48: R16 | Y48: R16 | AA48: R16 | AC48: R18 | AE48: R18 | AG48: R18 | AI48: R20 | AK48: =COUNTIF(C48:AJ48,">=R") -> 17 | AL48: =AK48 -> 17
A49: C.1.1.3 | B49: Placas de fibrocemento 4 mm | C49: R30 | E49: R,3O | G49: R30 | I49: R30 | K49: R30 | M49: R30 | O49: R30 | Q49: R30 | S49: R30 | U49: R30 | W49: R30 | Y49: R30 | AA49: R30 | AC49: R30 | AE49: R30 | AG49: R30 | AI49: R30 | AK49: =COUNTIF(C49:AJ49,">=R") -> 17 | AL49: =AK49 -> 17
A50: C.1.2 | B50: Interior zona seca | AK50: =COUNTIF(C50:AJ50,">=R") -> 0 | AL50: =AK50 -> 0
A51: C.1.2.2.1 | B51: Yeso cartón 10 mm | C51: R23 | E51: R24 | G51: R24 | I51: R24 | K51: R24 | M51: R24 | O51: R29 | Q51: R29 | S51: R29 | U51: R28 | W51: R28 | Y51: R28 | AA51: R28 | AC51: R28 | AE51: R28 | AG51: R28 | AI51: R28 | AK51: =COUNTIF(C51:AJ51,">=R") -> 17 | AL51: =AK51 -> 17
A52: C.1.2.2.2 | B52: Yeso cartón 15 mm (Adosamiento) | C52: R23 | E52: R24 | G52: R24 | I52: R24 | K52: R24 | M52: R24 | O52: R24 | Q52: R24 | S52: R24 | U52: R24 | W52: R24 | Y52: R26 | AA52: R26 | AC52: R25 | AE52: R25 | AG52: R26 | AI52: R25 | AK52: =COUNTIF(C52:AJ52,">=R") -> 17 | AL52: =AK52 -> 17
A53: C.1.3 | B53: Interior zona húmeda
A54: C.1.3.3 | B54: Fibrocemento 6 mm (Simplisima) | C54: R23 | W54: R26 | Y54: R26 | AA54: R26 | AC54: R26 | AE54: R26 | AG54: R26 | AI54: R26 | AK54: =COUNTIF(C54:AJ54,">=R") -> 8 | AL54: =AK54 -> 8
A55: C.2 | B55: AISLACION TERMICA MUROS (INCLUYE BARRERAS DE HUMEDAD Y VAPOR)
A56: C.2.1.2 | B56: Aislacion sobrecimiento 40 mm 15 kg/m3 | C56: R20 | E56: R20 | G56: R20 | I56: R20 | K56: R20 | M56: R20 | O56: R20 | Q56: R20 | S56: R20 | U56: R20 | W56: R21 | Y56: R21 | AA56: R21 | AC56: R21 | AE56: R21 | AG56: R22 | AI56: R22 | AK56: =COUNTIF(C56:AJ56,">=R") -> 17 | AL56: =AK56 -> 17
A57: C.2.1.3 | B57: Aislacion madera 4x4 | C57: R21 | E57: R21 | G57: R21 | I57: R21 | K57: R21 | M57: R21 | O57: R21 | Q57: R21 | S57: R21 | U57: R21 | W57: R22 | Y57: R22 | AA57: R22 | AC57: R22 | AE57: R22 | AG57: R22 | AI57: R22 | AK57: =COUNTIF(C57:AJ57,">=R") -> 17 | AL57: =AK57 -> 17
A58: C.2.3.1 | B58: Lana de vidrio Muros Perimetrales 94 mm 11 kg/m3 | C58: R22 | E58: R22 | G58: R22 | I58: R22 | K58: R22 | M58: R22 | O58: R22 | Q58: R22 | S58: R22 | U58: R22 | W58: R22 | Y58: R22 | AA58: R22 | AC58: R22 | AE58: R22 | AG58: R22 | AI58: R22 | AK58: =COUNTIF(C58:AJ58,">=R") -> 17 | AL58: =AK58 -> 17
A59: C.2.3.1.B | B59: Lana de vidrio 50 mm 11 kg/m3 | AK59: =COUNTIF(C59:AJ59,">=R") -> 0 | AL59: =AK59 -> 0
A60: C.3 | B60: CIELO
A61: C.3.2 | B61: Estructura cielo falso
A62: C.3.2.1 | B62: Madera | C62: R11 | E62: R11 | G62: R11 | I62: R11 | K62: R11 | M62: R11 | O62: R11 | Q62: R18 | S62: R18 | U62: R18 | W62: R18 | Y62: R18 | AA62: R18 | AC62: R18 | AE62: R18 | AG62: R18 | AI62: R18 | AK62: =COUNTIF(C62:AJ62,">=R") -> 17 | AL62: =AK62 -> 17
A63: C.3.3 | B63: Revestimiento zona seca | AK63: =COUNTIF(C63:AJ63,">=R") -> 0 | AL63: =AK63 -> 0
A64: C.3.3.1 | B64: Yeso cartón 10 mm | C64: R23 | E64: R23 | G64: R24 | I64: R24 | K64: R24 | M64: R24 | AK64: =COUNTIF(C64:AJ64,">=R") -> 6 | AL64: =AK64 -> 6
A65: C.3.4 | B65: Revestimiento zona húmeda | AK65: =COUNTIF(C65:AJ65,">=R") -> 0 | AL65: =AK65 -> 0
A66: C.3.4.2 | B66: Yeso cartón 12.5 mm RH | C66: R24 | E66: R24 | G66: R24 | I66: R24 | K66: R24 | M66: R24 | AK66: =COUNTIF(C66:AJ66,">=R") -> 6 | AL66: =AK66 -> 6
A67: C.4 | B67: AISLACIÓN TÉRMICA CUBIERTA
A68: C.4.3.1 | B68: Lana de vidrio 160 mm 11 kg/m3 | C68: R22 | E68: R22 | G68: R22 | I68: R22 | K68: R22 | M68: R22 | O68: R22 | Q68: R22 | S68: R22 | U68: R22 | W68: R22 | Y68: R22 | AA68: R22 | AC68: R22 | AE68: R22 | AG68: R22 | AI68: R22 | AK68: =COUNTIF(C68:AJ68,">=R") -> 17 | AL68: =AK68 -> 17
A69: C.5 | B69: REVESTIMIENTO PISOS
A70: C.5.1.3 | B70: Cerámica Antideslizante (piso) | C70: R27 | E70: R27 | G70: R28 | I70: R28 | K70: R28 | M70: R28 | O70: R29 | Q70: R29 | S70: R29 | U70: R29 | W70: R29 | Y70: R29 | AA70: R29 | AC70: R29 | AE70: R29 | AG70: R30 | AI70: R31 | AK70: =COUNTIF(C70:AJ70,">=R") -> 17 | AL70: =AK70 -> 17
A71: C.5.4 | B71: Piso Flotante 6mm | C71: R31 | E71: R31 | G71: R29 | I71: R29 | K71: R29 | M71: R29 | O71: R29 | Q71: R29 | S71: R30 | U71: R30 | W71: R31 | Y71: R31 | AA71: R31 | AC71: R31 | AE71: R31 | AG71: R32 | AI71: R32 | AK71: =COUNTIF(C71:AJ71,">=R") -> 17 | AL71: =AK71 -> 17
A72: C.7 | B72: ESCALERA INTERIOR
A73: C.7.1 | B73: Escalera (estructura, peldaños, baranda y pasamanos) | C73: R28 | E73: R28 | G73: R29 | I73: R29 | K73: R36 | M73: R36 | O73: R36 | Q73: R36 | S73: R36 | U73: R36 | W73: R34 | Y73: R33 | AA73: R33 | AC73: R33 | AE73: R33 | AG73: R32 | AI73: R32 | AK73: =COUNTIF(C73:AJ73,">=R") -> 17 | AL73: =AK73 -> 17
A74: C.8 | B74: ALEROS Y FRONTONES
A75: C.8.1.1 | B75: Madera Frontones y Aleros | C75: R18 | E75: R18 | G75: R18 | I75: R12 | K75: R12 | M75: R12 | O75: R12 | Q75: R18 | S75: R18 | U75: R18 | W75: R18 | Y75: R18 | AA75: R18 | AC75: R18 | AE75: R18 | AG75: R18 | AI75: R20 | AK75: =COUNTIF(C75:AJ75,">=R") -> 17 | AL75: =AK75 -> 17
A76: C.8.2 | B76: Revestimiento
A77: C.8.2.3 | B77: Madera placas frontones smart panel H 11.1mm | C77: R18 | E77: R18 | G77: R18 | I77: R12 | K77: R12 | M77: R12 | O77: R12 | Q77: R18 | S77: R18 | U77: R18 | W77: R18 | Y77: R18 | AA77: R18 | AC77: R18 | AE77: R18 | AG77: R18 | AI77: R20 | AK77: =COUNTIF(C77:AJ77,">=R") -> 17 | AL77: =AK77 -> 17
A78: C.8.3 | B78: Rejillas de ventilacion | AK78: =COUNTIF(C78:AJ78,">=R") -> 0 | AL78: =AK78 -> 0
A79: C.8.3.1 | B79: Rejilla de ventilacion adicional (Cocina) | AK79: =COUNTIF(C79:AJ79,">=R") -> 0 | AL79: =AK79 -> 0
A80: C.8.4 | B80: Tapacan (Smart Panel) | C80: R18 | E80: R18 | G80: R18 | I80: R12 | K80: R12 | M80: R12 | O80: R12 | Q80: R18 | S80: R18 | U80: R18 | W80: R18 | Y80: R18 | AA80: R18 | AC80: R18 | AE80: R18 | AG80: R18 | AI80: R20 | AK80: =COUNTIF(C80:AJ80,">=R") -> 17 | AL80: =AK80 -> 17
A81: C.8.5.1 | B81: Fibrocemento 4 mm (Rev. Alero) | C81: R18 | E81: R18 | G81: R18 | I81: R12 | K81: R12 | M81: R12 | O81: R12 | Q81: R18 | S81: R18 | U81: R18 | W81: R18 | Y81: R18 | AA81: R18 | AC81: R18 | AE81: R18 | AG81: R18 | AI81: R20 | AK81: =COUNTIF(C81:AJ81,">=R") -> 17 | AL81: =AK81 -> 17
A82: C.9 | B82: PUERTAS Y VENTANAS
A83: C.9.1 | B83: Marcos
A84: C.9.1.1 | B84: Madera | C84: R32 | E84: R32 | G84: R30 | I84: R30 | K84: R30 | M84: R30 | O84: R30 | Q84: R30 | S84: R30 | U84: R30 | W84: R32 | Y84: R32 | AA84: R32 | AC84: R32 | AE84: R32 | AG84: R32 | AI84: R32 | AK84: =COUNTIF(C84:AJ84,">=R") -> 17 | AL84: =AK84 -> 17
A85: C.9.2 | B85: Puertas interiores
A86: C.9.2.1 | B86: Puerta ancho 70 | C86: R32 | E86: R32 | G86: R30 | I86: R30 | K86: R30 | M86: R30 | O86: R30 | Q86: R30 | S86: R30 | U86: R30 | W86: R32 | Y86: R32 | AA86: R32 | AC86: R32 | AE86: R32 | AG86: R32 | AI86: R32 | AK86: =COUNTIF(C86:AJ86,">=R") -> 17 | AL86: =AK86 -> 17
A87: C.9.2.4 | B87: Puerta ancho 85 | AK87: =COUNTIF(C87:AJ87,">=R") -> 0 | AL87: =AK87 -> 0
A88: C.9.3 | B88: Puerta exteriores
A89: C.9.3.1 | B89: Puerta ancho 80 (Metalica) | C89: R29 | E89: R29 | G89: R29 | I89: R29 | K89: R29 | M89: R34 | O89: R29 | Q89: R34 | S89: R34 | U89: R29 | W89: R29 | Y89: R34 | AA89: R34 | AC89: R29 | AE89: R29 | AG89: R34 | AI89: R29 | AK89: =COUNTIF(C89:AJ89,">=R") -> 17 | AL89: =AK89 -> 17
A90: C.9.3.2 | B90: Puerta ancho 85 (Metalica) | C90: R29 | E90: R29 | G90: R29 | I90: R29 | K90: R29 | M90: R34 | O90: R29 | Q90: R34 | S90: R34 | U90: R29 | W90: R29 | Y90: R34 | AA90: R34 | AC90: R29 | AE90: R29 | AG90: R34 | AI90: R29 | AK90: =COUNTIF(C90:AJ90,">=R") -> 17 | AL90: =AK90 -> 17
A91: C.9.4 | B91: Quincallería (incluye chapas, perillas, bisagras y topes)
A92: C.9.4.1 | B92: Puerta principal | C92: R32 | E92: R32 | G92: R30 | I92: R30 | K92: R30 | M92: R30 | O92: R30 | Q92: R30 | S92: R30 | U92: R30 | W92: R32 | Y92: R32 | AA92: R32 | AC92: R32 | AE92: R32 | AG92: R32 | AI92: R32 | AK92: =COUNTIF(C92:AJ92,">=R") -> 17 | AL92: =AK92 -> 17
A93: C.9.4.2 | B93: Baño | C93: R32 | E93: R32 | G93: R30 | I93: R30 | K93: R30 | M93: R30 | O93: R30 | Q93: R30 | S93: R30 | U93: R30 | W93: R32 | Y93: R32 | AA93: R32 | AC93: R32 | AE93: R32 | AG93: R32 | AI93: R32 | AK93: =COUNTIF(C93:AJ93,">=R") -> 17 | AL93: =AK93 -> 17
A94: C.9.4.3 | B94: Interior | C94: R32 | E94: R32 | G94: R30 | I94: R30 | K94: R30 | M94: R30 | O94: R30 | Q94: R30 | S94: R30 | U94: R30 | W94: R32 | Y94: R32 | AA94: R32 | AC94: R32 | AE94: R32 | AG94: R32 | AI94: R32 | AK94: =COUNTIF(C94:AJ94,">=R") -> 17 | AL94: =AK94 -> 17
A95: C.9.4.4 | B95: Exterior cocina | C95: R32 | E95: R32 | G95: R30 | I95: R30 | K95: R30 | M95: R30 | O95: R30 | Q95: R30 | S95: R30 | U95: R30 | W95: R32 | Y95: R32 | AA95: R32 | AC95: R32 | AE95: R32 | AG95: R32 | AI95: R32 | AK95: =COUNTIF(C95:AJ95,">=R") -> 17 | AL95: =AK95 -> 17
A96: C.9.5 | B96: Ventanas (incluye quincallería)
A97: C.9.5.2 | B97: PVC TERMOPANEL | C97: R9 | E97: R9 | G97: R9 | I97: R9 | K97: R9 | M97: R9 | O97: R9 | Q97: R15 | S97: R15 | U97: R15 | W97: R15 | Y97: R15 | AA97: R20 | AC97: R20 | AE97: R20 | AG97: R20 | AI97: R20 | AK97: =COUNTIF(C97:AJ97,">=R") -> 17 | AL97: =AK97 -> 17
A98: C.10 | B98: MOLDURAS
A99: C.10.1 | B99: Guardapolvos | C99: R32 | E99: R32 | G99: R33 | I99: R33 | K99: R32 | M99: R32 | O99: R34 | Q99: R34 | S99: R34 | U99: R34 | W99: R34 | Y99: R34 | AA99: R34 | AC99: R33 | AE99: R33 | AG99: R33 | AI99: R33 | AK99: =COUNTIF(C99:AJ99,">=R") -> 17 | AL99: =AK99 -> 17
A100: C.10.2 | B100: Cornisas | C100: R32 | E100: R32 | G100: R33 | I100: R33 | K100: R32 | M100: R32 | O100: R34 | Q100: R34 | S100: R34 | U100: R34 | W100: R34 | Y100: R34 | AA100: R34 | AC100: R33 | AE100: R33 | AG100: R33 | AI100: R33 | AK100: =COUNTIF(C100:AJ100,">=R") -> 17 | AL100: =AK100 -> 17
A101: C.11 | B101: PINTURAS
A102: C.11.1 | B102: Óleo | C102: R37 | E102: R37 | G102: R37 | I102: R37 | K102: R37 | M102: R37 | O102: R37 | Q102: R37 | S102: R37 | U102: R37 | W102: R37 | Y102: R37 | AA102: R37 | AC102: R37 | AE102: R37 | AG102: R37 | AI102: R37 | AK102: =COUNTIF(C102:AJ102,">=R") -> 17 | AL102: =AK102 -> 17
A103: C.11.2.2 | B103: Esmalte (Exterior) | C103: R27 | E103: R27 | G103: R27 | I103: R27 | K103: R27 | M103: R27 | O103: R27 | Q103: R27 | S103: R27 | U103: R27 | W103: R27 | Y103: R27 | AA103: R27 | AC103: R27 | AE103: R27 | AG103: R27 | AI103: R27 | AK103: =COUNTIF(C103:AJ103,">=R") -> 17 | AL103: =AK103 -> 17
...

Sheet MANZ.D
B1: SERVIU REGION DE LA ARAUCANIA | C1: CUADRO RESUMEN DE CONTROL RECEPCIONADO
A4: OBRA | B4: CAMPOS DEL SUR II | C4: FECHA | G4: 46037 | J4: R10 | K4: 45855 | N4: R21 | O4: 45940 | R4: R31 | S4: 46010
A5: COMUNA | B5: RENAICO | J5: R11 | K5: 45863 | N5: R23 | O5: 45954 | R5: R32 | S5: 46015
A6: CONTRATISTA | B6: CONSTRUCTORA CIMOL S.P.A | J6: R12 | K6: 45870 | N6: R24 | O6: 45960 | R6: R33 | S6: 46022
A7: RESIDENTE DE OBRA | B7: EDGAR MORALES ALARCON | J7: R13 | K7: 45883 | N7: R25 | O7: 45968 | R7: R34 | S7: 46031
A8: AUTOCONTROL | B8: MICHEL BERGER HUICHANAO | J8: R14 | K8: 45891 | N8: R26 | O8: 45975 | R8: R35 | S8: 46038
A9: E.P. | B9: PLAN SOCIAL | C9: VERSION | G9: 1.0 | J9: R15 | K9: 45898 | N9: R27 | O9: 45982 | R9: R36 | S9: 46045
A10: S.A.T. | B10: OBED CEA LONCONADO | J10: R17 | K10: 45912 | N10: R28 | O10: 45989 | R10: R37 | S10: 46052
A11: F.T.O. | B11: MAURICIO DIAZ BARRA | J11: R19 | K11: 45926 | N11: R29 | O11: 45996
A12: CODIGO | B12: 182948 | J12: R20 | K12: 45933 | N12: R30 | O12: 46003
A14: ITEM | B14: DESIGNACIÓN | C14: UBICACIÓN
C15: VIVIENDA LOTE Nº | S15: MANZANA : | Y15: D
C16: 1 | E16: 2 | G16: 3 | I16: 4 | K16: 5 | M16: 6 | O16: 7 | Q16: 8 | S16: 9 | U16: 10 | W16: 11 | Y16: T. REV | Z16: TOTAL
A17: B | B17: OBRA GRUESA | C17: AT | D17: RV | E17: AT | F17: RV | G17: AT | H17: RV | I17: AT | J17: RV | K17: AT | L17: RV | M17: AT | N17: RV | O17: AT | P17: RV | Q17: AT | R17: RV | S17: AT | T17: RV | U17: AT | V17: RV | W17: AT | X17: RV
A18: B.1 | B18: FUNDACIONES
A19: B.1.1 | B19: Replanteo, trazado y niveles | C19: R10 | E19: R10 | G19: R10 | I19: R10 | K19: R10 | M19: R10 | O19: R10 | Q19: R10 | S19: R12 | U19: R12 | W19: R12 | Y19: =COUNTIF(C19:X19,">=R") -> 11 | Z19: =Y19 -> 11
A20: B.1.2 | B20: Excavación | C20: R10 | E20: R10 | G20: R10 | I20: R10 | K20: R11 | M20: R11 | O20: R11 | Q20: R11 | S20: R12 | U20: R12 | W20: R13 | Y20: =COUNTIF(C20:X20,">=R") -> 11 | Z20: =Y20 -> 11
A21: B.1.3 | B21: Emplantillado (G5) | C21: R11 | E21: R11 | G21: R11 | I21: R11 | K21: R12 | M21: R12 | O21: R12 | Q21: R12 | S21: R14 | U21: R14 | W21: R14 | Y21: =COUNTIF(C21:X21,">=R") -> 11 | Z21: =Y21 -> 11
A22: B.1.4 | B22: Hormigón cimientos (G10) | C22: R11 | E22: R11 | G22: R11 | I22: R11 | K22: R12 | M22: R12 | O22: R12 | Q22: R12 | S22: R14 | U22: R14 | W22: R14 | Y22: =COUNTIF(C22:X22,">=R") -> 11 | Z22: =Y22 -> 11
A23: B.1.5 | B23: Hormigón sobrecimientos (G17) | C23: R13 | E23: R13 | G23: R13 | I23: R13 | K23: R15 | M23: R14 | O23: R14 | Q23: R14 | S23: R14 | U23: R14 | W23: R15 | Y23: =COUNTIF(C23:X23,">=R") -> 11 | Z23: =Y23 -> 11
A24: B.1.6 | B24: Enfierradura | C24: R13 | E24: R13 | G24: R13 | I24: R13 | K24: R15 | M24: R14 | O24: R14 | Q24: R14 | S24: R14 | U24: R14 | W24: R15 | Y24: =COUNTIF(C24:X24,">=R") -> 11 | Z24: =Y24 -> 11
A25: B.1.7 | B25: Moldajes | C25: R13 | E25: R13 | G25: R13 | I25: R13 | K25: R15 | M25: R14 | O25: R14 | Q25: R14 | S25: R14 | U25: R14 | W25: R15 | Y25: =COUNTIF(C25:X25,">=R") -> 11 | Z25: =Y25 -> 11
A26: B.2 | B26: RADIER
A27: B.2.1 | B27: Base (Cama de ripio) e=0,08 mts | C27: R13 | E27: R13 | G27: R13 | I27: R13 | K27: R15 | M27: R14 | O27: R14 | Q27: R14 | S27: R14 | U27: R14 | W27: R15 | Y27: =COUNTIF(C27:X27,">=R") -> 11 | Z27: =Y27 -> 11
A28: B.2.2 | B28: Hormigón (G15) | C28: R13 | E28: R13 | G28: R13 | I28: R13 | K28: R15 | M28: R14 | O28: R14 | Q28: R14 | S28: R14 | U28: R14 | W28: R15 | Y28: =COUNTIF(C28:X28,">=R") -> 11 | Z28: =Y28 -> 11
A29: B.3 | B29: MUROS 1 piso
A30: B.3.3.1 | B30: Entramado Estructural | C30: R25 | E30: R21 | G30: R20 | I30: R20 | K30: R20 | M30: R20 | O30: R20 | Q30: R20 | S30: R20 | U30: R21 | W30: R21 | Y30: =COUNTIF(C30:X30,">=R") -> 11 | Z30: =Y30 -> 11
A31: B.4 | B31: ESTRUCTURA HORIZONTAL (ENTREPISO)
A32: B.4.4.1 | B32: Madera | E32: R21 | G32: R20 | I32: R20 | K32: R20 | M32: R20 | O32: R20 | Q32: R20 | S32: R20 | U32: R21 | W32: R21 | Y32: =COUNTIF(C32:X32,">=R") -> 10 | Z32: =Y32 -> 10
A33: B.4.4.2 | B33: Terciado estructural (15mm) | E33: R21 | G33: R20 | I33: R20 | K33: R20 | M33: R20 | O33: R20 | Q33: R20 | S33: R20 | U33: R21 | W33: R21 | Y33: =COUNTIF(C33:X33,">=R") -> 10 | Z33: =Y33 -> 10
A34: B.5 | B34: MUROS 2 piso
A35: B.5.3.1 | B35: Entramado Estructural (2do P) | E35: R21 | G35: R20 | I35: R20 | K35: R20 | M35: R20 | O35: R20 | Q35: R20 | S35: R20 | U35: R21 | W35: R21 | Y35: =COUNTIF(C35:X35,">=R") -> 10 | Z35: =Y35 -> 10
A36: B.6 | B36: CUBIERTA
A37: B.6.1.1 | B37: Madera | C37: R27 | E37: R21 | G37: R19 | I37: R19 | K37: R20 | M37: R19 | O37: R19 | Q37: R20 | S37: R20 | U37: R20 | W37: R21 | Y37: =COUNTIF(C37:X37,">=R") -> 11 | Z37: =Y37 -> 11
A38: B.6.2.1 | B38: Acero galvanizado (0.35mm) | C38: R27 | E38: R23 | G38: R19 | I38: R19 | K38: R23 | M38: R19 | O38: R19 | Q38: R23 | S38: R21 | U38: R21 | W38: R23 | Y38: =COUNTIF(C38:X38,">=R") -> 11 | Z38: =Y38 -> 11
A39: B.6.3 | B39: Hojalatería
A40: B.6.3.1 | B40: Canales | C40: R36 | E40: R36 | G40: R36 | I40: R36 | K40: R36 | M40: R36 | O40: R36 | Q40: R36 | S40: R36 | U40: R36 | W40: R36 | Y40: =COUNTIF(C40:X40,">=R") -> 11 | Z40: =Y40 -> 11
A41: B.6.3.2 | B41: Bajadas y Hojalaterias | Y41: =COUNTIF(C41:X41,">=R") -> 0 | Z41: =Y41 -> 0
A42: B.6.EX.1 | B42: Caballete | C42: R26 | E42: R26 | G42: R19 | I42: R19 | K42: R26 | M42: R19 | O42: R19 | Q42: R26 | S42: R26 | U42: R26 | W42: R26 | Y42: =COUNTIF(C42:X42,">=R") -> 11 | Z42: =Y42 -> 11
A43: B.6.EX.2 | B43: Esquineros | E43: R26 | G43: R20 | I43: R19 | K43: R26 | M43: R20 | O43: R20 | Q43: R26 | S43: R26 | U43: R26 | W43: R26 | Y43: =COUNTIF(C43:X43,">=R") -> 10 | Z43: =Y43 -> 10
A44: B.6.EX.3 | B44: Forro Terminal Alero | C44: R29 | E44: R26 | G44: R20 | I44: R19 | K44: R26 | M44: R20 | O44: R20 | Q44: R26 | S44: R26 | U44: R26 | W44: R26 | Y44: =COUNTIF(C44:X44,">=R") -> 11 | Z44: =Y44 -> 11
A45: B.6.EX.4 | B45: Forro Cortagotera Sobrecimento | C45: R28 | E45: R26 | G45: R20 | I45: R19 | K45: R26 | M45: R20 | O45: R20 | Q45: R21 | S45: R21 | U45: R26 | W45: R26 | Y45: =COUNTIF(C45:X45,">=R") -> 11 | Z45: =Y45 -> 11
A46: C.1 | B46: REVESTIMIENTOS MUROS Y TABIQUES
A47: C.1.1 | B47: Exterior | Y47: =COUNTIF(C47:X47,">=R") -> 0 | Z47: =Y47 -> 0
A48: C.1.1.2 | B48: Placas Smart Panel 11,1 mm tipo H | C48: R29 | E48: R25 | G48: R20 | I48: R19 | K48: R25 | M48: R20 | O48: R20 | Q48: R21 | S48: R21 | U48: R21 | W48: R25 | Y48: =COUNTIF(C48:X48,">=R") -> 11 | Z48: =Y48 -> 11
A49: C.1.1.3 | B49: Placas de fibrocemento 4 mm | G49: R30 | I49: R30 | K49: R30 | M49: R30 | O49: R30 | Q49: R30 | S49: R30 | Y49: =COUNTIF(C49:X49,">=R") -> 7 | Z49: =Y49 -> 7
A50: C.1.2 | B50: Interior zona seca | Y50: =COUNTIF(C50:X50,">=R") -> 0 | Z50: =Y50 -> 0
A51: C.1.2.2.1 | B51: Yeso cartón 10 mm | G51: R32 | I51: R28 | K51: R28 | M51: R28 | O51: R28 | Q51: R28 | S51: R37 | Y51: =COUNTIF(C51:X51,">=R") -> 7 | Z51: =Y51 -> 7
A52: C.1.2.2.2 | B52: Yeso cartón 15 mm (Adosamiento) | G52: R33 | I52: R33 | K52: R33 | M52: R33 | O52: R33 | Q52: R33 | S52: R37 | Y52: =COUNTIF(C52:X52,">=R") -> 7 | Z52: =Y52 -> 7
A53: C.1.3 | B53: Interior zona húmeda | Y53: =COUNTIF(C53:X53,">=R") -> 0 | Z53: =Y53 -> 0
A54: C.1.3.3 | B54: Fibrocemento 6 mm (Simplisima) | G54: R33 | K54: R29 | M54: R29 | O54: R29 | Q54: R29 | S54: R29 | Y54: =COUNTIF(C54:X54,">=R") -> 6 | Z54: =Y54 -> 6
A55: C.2 | B55: AISLACION TERMICA MUROS (INCLUYE BARRERAS DE HUMEDAD Y VAPOR)
A56: C.2.1.2 | B56: Aislacion sobrecimiento 40 mm 15 kg/m3 | K56: R29 | M56: R29 | O56: R29 | Q56: R29 | S56: R29 | U56: R29 | W56: R29 | Y56: =COUNTIF(C56:X56,">=R") -> 7 | Z56: =Y56 -> 7
A57: C.2.1.3 | B57: Aislacion madera 4x4 | Y57: =COUNTIF(C57:X57,">=R") -> 0 | Z57: =Y57 -> 0
A58: C.2.3.1 | B58: Lana de vidrio Muros Perimetrales 94 mm 11 kg/m3 | G58: R28 | I58: R26 | K58: R26 | M58: R26 | O58: R26 | Q58: R26 | S58: R26 | Y58: =COUNTIF(C58:X58,">=R") -> 7 | Z58: =Y58 -> 7
A59: C.2.3.1.B | B59: Lana de vidrio 50 mm 11 kg/m3 | Y59: =COUNTIF(C59:X59,">=R") -> 0 | Z59: =Y59 -> 0
A60: C.3 | B60: CIELO
A61: C.3.2 | B61: Estructura cielo falso | Y61: =COUNTIF(C61:X61,">=R") -> 0 | Z61: =Y61 -> 0
A62: C.3.2.1 | B62: Madera | E62: R23 | G62: R23 | I62: R23 | K62: R23 | M62: R23 | O62: R23 | Q62: R23 | S62: R23 | U62: R23 | W62: R23 | Y62: =COUNTIF(C62:X62,">=R") -> 10 | Z62: =Y62 -> 10
A63: C.3.3 | B63: Revestimiento zona seca
A64: C.3.3.1 | B64: Yeso cartón 10 mm | G64: R37 | I64: R37 | K64: R37 | M64: R37 | O64: R37 | Q64: R37 | S64: R37 | Y64: =COUNTIF(C64:X64,">=R") -> 7 | Z64: =Y64 -> 7
A65: C.3.4 | B65: Revestimiento zona húmeda
A66: C.3.4.2 | B66: Yeso cartón 12.5 mm RH | G66: R37 | I66: R37 | K66: R37 | M66: R37 | O66: R37 | Q66: R37 | S66: R37 | Y66: =COUNTIF(C66:X66,">=R") -> 7 | Z66: =Y66 -> 7
A67: C.4 | B67: AISLACIÓN TÉRMICA CUBIERTA
A68: C.4.3.1 | B68: Lana de vidrio 160 mm 11 kg/m3 | G68: R28 | I68: R26 | K68: R26 | M68: R26 | O68: R26 | Q68: R26 | S68: R26 | Y68: =COUNTIF(C68:X68,">=R") -> 7 | Z68: =Y68 -> 7
A69: C.5 | B69: REVESTIMIENTO PISOS
A70: C.5.1.3 | B70: Cerámica Antideslizante (piso) | K70: R32 | M70: R32 | O70: R32 | Y70: =COUNTIF(C70:X70,">=R") -> 3 | Z70: =Y70 -> 3
A71: C.5.4 | B71: Piso Flotante 6mm | G71: R36 | K71: R36 | M71: R36 | Y71: =COUNTIF(C71:X71,">=R") -> 3 | Z71: =Y71 -> 3
A72: C.7 | B72: ESCALERA INTERIOR
A73: C.7.1 | B73: Escalera (estructura, peldaños, baranda y pasamanos) | K73: R37 | M73: R37 | O73: R37 | Y73: =COUNTIF(C73:X73,">=R") -> 3 | Z73: =Y73 -> 3
A74: C.8 | B74: ALEROS Y FRONTONES
A75: C.8.1.1 | B75: Madera Frontones y Aleros | C75: R29 | E75: R25 | G75: R20 | I75: R19 | K75: R25 | M75: R20 | O75: R20 | Q75: R25 | S75: R25 | U75: R25 | W75: R25 | Y75: =COUNTIF(C75:X75,">=R") -> 11 | Z75: =Y75 -> 11
A76: C.8.2 | B76: Revestimiento
A77: C.8.2.3 | B77: Madera placas frontones smart panel H 11.1mm | C77: R29 | E77: R25 | G77: R20 | I77: R28 | K77: R25 | M77: R20 | O77: R20 | Q77: R21 | S77: R21 | U77: R21 | W77: R25 | Y77: =COUNTIF(C77:X77,">=R") -> 11 | Z77: =Y77 -> 11
A78: C.8.3 | B78: Rejillas de ventilacion | Y78: =COUNTIF(C78:X78,">=R") -> 0 | Z78: =Y78 -> 0
A79: C.8.3.1 | B79: Rejilla de ventilacion adicional (Cocina) | Y79: =COUNTIF(C79:X79,">=R") -> 0 | Z79: =Y79 -> 0
A80: C.8.4 | B80: Tapacan (Smart Panel) | C80: R29 | E80: R25 | G80: R20 | I80: R19 | K80: R25 | M80: R20 | O80: R20 | Q80: R21 | S80: R21 | U80: R25 | W80: R25 | Y80: =COUNTIF(C80:X80,">=R") -> 11 | Z80: =Y80 -> 11
A81: C.8.5.1 | B81: Fibrocemento 4 mm (Rev. Alero) | C81: R29 | E81: R25 | G81: R20 | I81: R19 | K81: R25 | M81: R20 | O81: R20 | Q81: R25 | S81: R21 | U81: R25 | W81: R25 | Y81: =COUNTIF(C81:X81,">=R") -> 11 | Z81: =Y81 -> 11
A82: C.9 | B82: PUERTAS Y VENTANAS
A83: C.9.1 | B83: Marcos | Y83: =COUNTIF(C83:X83,">=R") -> 0 | Z83: =Y83 -> 0
A84: C.9.1.1 | B84: Madera | Y84: =COUNTIF(C84:X84,">=R") -> 0 | Z84: =Y84 -> 0
A85: C.9.2 | B85: Puertas interiores
A86: C.9.2.1 | B86: Puerta ancho 70 | Y86: =COUNTIF(C86:X86,">=R") -> 0 | Z86: =Y86 -> 0
A87: C.9.2.4 | B87: Puerta ancho 85 | Y87: =COUNTIF(C87:X87,">=R") -> 0 | Z87: =Y87 -> 0
A88: C.9.3 | B88: Puerta exteriores
A89: C.9.3.1 | B89: Puerta ancho 80 (Metalica) | E89: R34 | G89: R34 | I89: R29 | K89: R29 | M89: R34 | O89: R29 | Q89: R34 | S89: R34 | U89: R34 | W89: R34 | Y89: =COUNTIF(C89:X89,">=R") -> 10 | Z89: =Y89 -> 10
A90: C.9.3.2 | B90: Puerta ancho 85 (Metalica) | E90: R34 | G90: R34 | I90: R29 | K90: R29 | M90: R34 | O90: R29 | Q90: R34 | S90: R34 | U90: R34 | W90: R34 | Y90: =COUNTIF(C90:X90,">=R") -> 10 | Z90: =Y90 -> 10
A91: C.9.4 | B91: Quincallería (incluye chapas, perillas, bisagras y topes)
A92: C.9.4.1 | B92: Puerta principal | E92: R34 | G92: R34 | M92: R34 | Q92: R34 | S92: R34 | U92: R34 | W92: R34 | Y92: =COUNTIF(C92:X92,">=R") -> 7 | Z92: =Y92 -> 7
A93: C.9.4.2 | B93: Baño | Y93: =COUNTIF(C93:X93,">=R") -> 0 | Z93: =Y93 -> 0
A94: C.9.4.3 | B94: Interior | Y94: =COUNTIF(C94:X94,">=R") -> 0 | Z94: =Y94 -> 0
A95: C.9.4.4 | B95: Exterior cocina | E95: R34 | G95: R34 | M95: R34 | Q95: R34 | S95: R34 | U95: R34 | W95: R34 | Y95: =COUNTIF(C95:X95,">=R") -> 7 | Z95: =Y95 -> 7
A96: C.9.5 | B96: Ventanas (incluye quincallería)
A97: C.9.5.2 | B97: PVC TERMOPANEL | E97: R25 | G97: R20 | I97: R20 | K97: R25 | M97: R20 | O97: R25 | Q97: R25 | S97: R25 | U97: R25 | W97: R25 | Y97: =COUNTIF(C97:X97,">=R") -> 10 | Z97: =Y97 -> 10
A98: C.10 | B98: MOLDURAS
A99: C.10.1 | B99: Guardapolvos | Y99: =COUNTIF(C99:X99,">=R") -> 0 | Z99: =Y99 -> 0
A100: C.10.2 | B100: Cornisas | Y100: =COUNTIF(C100:X100,">=R") -> 0 | Z100: =Y100 -> 0
A101: C.11 | B101: PINTURAS
A102: C.11.1 | B102: Óleo | Y102: =COUNTIF(C102:X102,">=R") -> 0 | Z102: =Y102 -> 0
A103: C.11.2.2 | B103: Esmalte (Exterior) | C103: R33 | E103: R29 | G103: R29 | I103: R29 | K103: R29 | M103: R29 | O103: R29 | Q103: R29 | S103: R29 | U103: R29 | W103: R29 | Y103: =COUNTIF(C103:X103,">=R") -> 11 | Z103: =Y103 -> 11
...

Sheet MANZ.E
B1: SERVIU REGION DE LA ARAUCANIA | C1: CUADRO RESUMEN DE CONTROL RECEPCIONADO
A4: OBRA | B4: CAMPOS DEL SUR II | C4: FECHA | G4: 46037 | J4: R9 | K4: 45849 | N4: R22 | O4: 45947 | R4: R31 | S4: 46010
A5: COMUNA | B5: RENAICO | J5: R10 | K5: 45855 | N5: R23 | O5: 45954 | R5: R32 | S5: 46015
A6: CONTRATISTA | B6: CONSTRUCTORA CIMOL S.P.A | J6: R11 | K6: 45863 | N6: R24 | O6: 45960 | R6: R33 | S6: 46022
A7: RESIDENTE DE OBRA | B7: EDGAR MORALES ALARCON | J7: R12 | K7: 45870 | N7: R25 | O7: 45968 | R7: R34 | S7: 46031
A8: AUTOCONTROL | B8: MICHEL BERGER HUICHANAO | J8: R13 | K8: 45883 | N8: R26 | O8: 45975 | R8: R35 | S8: 46038
A9: E.P. | B9: PLAN SOCIAL | J9: R14 | K9: 45891 | N9: R27 | O9: 45982 | R9: R36 | S9: 46045
A10: S.A.T. | B10: OBED CEA LONCONADO | C10: VERSION | G10: 1.0 | J10: R18 | K10: 45916 | N10: R28 | O10: 45989 | R10: R37 | S10: 46052
A11: F.T.O. | B11: MAURICIO DIAZ BARRA | J11: R19 | K11: 45926 | N11: R29 | O11: 45996
A12: CODIGO | B12: 182948 | J12: R20 | K12: 45933 | N12: R30 | O12: 46003
J13: R21 | K13: 45940
A15: ITEM | B15: DESIGNACIÓN | C15: UBICACIÓN
C16: VIVIENDA LOTE Nº | AD16: MANZANA : | AJ16: E
C17: 1 | E17: 2 | G17: 3 | I17: 4 | K17: 5 | M17: 6 | O17: 7 | Q17: 8 | S17: 9 | U17: 10 | W17: 11 | Y17: 12 | AA17: 13 | AC17: 14 | AE17: 15 | AG17: 16 | AI17: 17 | AK17: T. REV | AL17: TOTAL
A18: B | B18: OBRA GRUESA | C18: AT | D18: RV | E18: AT | F18: RV | G18: AT | H18: RV | I18: AT | J18: RV | K18: AT | L18: RV | M18: AT | N18: RV | O18: AT | P18: RV | Q18: AT | R18: RV | S18: AT | T18: RV | U18: AT | V18: RV | W18: AT | X18: RV | Y18: AT | Z18: RV | AA18: AT | AB18: RV | AC18: AT | AD18: RV | AE18: AT | AF18: RV | AG18: AT | AH18: RV | AI18: AT | AJ18: RV
A19: B.1 | B19: FUNDACIONES
A20: B.1.1 | B20: Replanteo, trazado y niveles | C20: R21 | E20: R21 | G20: R21 | I20: R21 | K20: R20 | M20: R20 | O20: R20 | Q20: R20 | S20: R9 | U20: R9 | W20: R9 | Y20: R9 | AA20: R9 | AC20: R9 | AE20: R9 | AG20: R9 | AI20: R9 | AK20: =COUNTIF(C20:AJ20,">=R") -> 17 | AL20: =AK20 -> 17
A21: B.1.2 | B21: Excavación | C21: R22 | E21: R22 | G21: R21 | I21: R21 | K21: R21 | M21: R21 | O21: R21 | Q21: R21 | S21: R9 | U21: R9 | W21: R9 | Y21: R9 | AA21: R9 | AC21: R9 | AE21: R9 | AG21: R9 | AI21: R9 | AK21: =COUNTIF(C21:AJ21,">=R") -> 17 | AL21: =AK21 -> 17
A22: B.1.3 | B22: Emplantillado (G5) | C22: R22 | E22: R22 | G22: R21 | I22: R21 | K22: R21 | M22: R26 | O22: R21 | Q22: R21 | S22: R10 | U22: R10 | W22: R10 | Y22: R9 | AA22: R9 | AC22: R9 | AE22: R9 | AG22: R9 | AI22: R9 | AK22: =COUNTIF(C22:AJ22,">=R") -> 17 | AL22: =AK22 -> 17
A23: B.1.4 | B23: Hormigón cimientos (G10) | C23: R22 | E23: R22 | G23: R21 | I23: R21 | K23: R21 | M23: R26 | O23: R21 | Q23: R21 | S23: R10 | U23: R10 | W23: R10 | Y23: R9 | AA23: R9 | AC23: R9 | AE23: R9 | AG23: R9 | AI23: R9 | AK23: =COUNTIF(C23:AJ23,">=R") -> 17 | AL23: =AK23 -> 17
A24: B.1.5 | B24: Hormigón sobrecimientos (G17) | C24: R23 | E24: R23 | G24: R23 | I24: R23 | K24: R22 | M24: R22 | O24: R22 | Q24: R22 | S24: R13 | U24: R13 | W24: R13 | Y24: R13 | AA24: R13 | AC24: R13 | AE24: R13 | AG24: R13 | AI24: R13 | AK24: =COUNTIF(C24:AJ24,">=R") -> 17 | AL24: =AK24 -> 17
A25: B.1.6 | B25: Enfierradura | C25: R23 | E25: R23 | G25: R23 | I25: R23 | K25: R22 | M25: R22 | O25: R22 | Q25: R22 | S25: R13 | U25: R13 | W25: R13 | Y25: R13 | AA25: R13 | AC25: R13 | AE25: R13 | AG25: R13 | AI25: R13 | AK25: =COUNTIF(C25:AJ25,">=R") -> 17 | AL25: =AK25 -> 17
A26: B.1.7 | B26: Moldajes | C26: R23 | E26: R23 | G26: R23 | I26: R23 | K26: R22 | M26: R22 | O26: R22 | Q26: R22 | S26: R13 | U26: R13 | W26: R13 | Y26: R13 | AA26: R13 | AC26: R13 | AE26: R13 | AG26: R13 | AI26: R13 | AK26: =COUNTIF(C26:AJ26,">=R") -> 17 | AL26: =AK26 -> 17
A27: B.2 | B27: RADIER
A28: B.2.1 | B28: Base (Cama de ripio) e=0,08 mts | C28: R23 | E28: R23 | G28: R23 | I28: R23 | K28: R22 | M28: R22 | O28: R22 | Q28: R22 | S28: R13 | U28: R13 | W28: R13 | Y28: R13 | AA28: R13 | AC28: R13 | AE28: R13 | AG28: R13 | AI28: R13 | AK28: =COUNTIF(B28:AJ28,">=R") -> 17 | AL28: =AK28 -> 17
A29: B.2.2 | B29: Hormigón (G15) | C29: R23 | E29: R23 | G29: R23 | I29: R23 | K29: R22 | M29: R22 | O29: R22 | Q29: R22 | S29: R13 | U29: R13 | W29: R13 | Y29: R13 | AA29: R13 | AC29: R13 | AE29: R13 | AG29: R13 | AI29: R13 | AK29: =COUNTIF(B29:AJ29,">=R") -> 17 | AL29: =AK29 -> 17
A30: B.3 | B30: MUROS 1 piso
A31: B.3.3.1 | B31: Entramado Estructural | C31: R25 | E31: R25 | G31: R25 | I31: R25 | K31: R25 | M31: R25 | O31: R25 | Q31: R25 | S31: R21 | U31: R21 | W31: R21 | Y31: R21 | AA31: R21 | AC31: R21 | AE31: R21 | AK31: =COUNTIF(C31:AJ31,">=R") -> 15 | AL31: =AK31 -> 15
A32: B.4 | B32: ESTRUCTURA HORIZONTAL (ENTREPISO)
A33: B.4.4.1 | B33: Madera | C33: R25 | E33: R25 | G33: R25 | I33: R25 | K33: R25 | M33: R25 | O33: R25 | Q33: R25 | S33: R21 | U33: R21 | W33: R21 | Y33: R21 | AA33: R21 | AC33: R21 | AE33: R21 | AK33: =COUNTIF(C33:AJ33,">=R") -> 15 | AL33: =AK33 -> 15
A34: B.4.4.2 | B34: Terciado estructural (15mm) | C34: R27 | E34: R27 | G34: R27 | I34: R27 | K34: R25 | M34: R25 | O34: R25 | Q34: R25 | S34: R21 | U34: R21 | W34: R21 | Y34: R21 | AA34: R21 | AC34: R21 | AE34: R21 | AK34: =COUNTIF(C34:AJ34,">=R") -> 15 | AL34: =AK34 -> 15
A35: B.5 | B35: MUROS 2 piso
A36: B.5.3.1 | B36: Entramado Estructural (2do P) | C36: R31 | E36: R31 | G36: R31 | I36: R31 | K36: R31 | M36: R25 | O36: R31 | Q36: R25 | S36: R21 | U36: R21 | W36: R21 | Y36: R21 | AA36: R21 | AC36: R21 | AE36: R21 | AK36: =COUNTIF(C36:AJ36,">=R") -> 15 | AL36: =AK36 -> 15
A37: B.6 | B37: CUBIERTA
A38: B.6.1.1 | B38: Madera | C38: R31 | E38: R31 | G38: R31 | I38: R31 | K38: R31 | M38: R25 | O38: R31 | Q38: R25 | S38: R20 | U38: R20 | W38: R20 | Y38: R20 | AA38: R20 | AC38: R20 | AE38: R20 | AK38: =COUNTIF(C38:AJ38,">=R") -> 15 | AL38: =AK38 -> 15
A39: B.6.2.1 | B39: Acero galvanizado (0.35mm) | C39: R32 | E39: R32 | G39: R32 | I39: R31 | K39: R31 | M39: R25 | O39: R31 | Q39: R25 | S39: R18 | U39: R18 | W39: R18 | Y39: R18 | AA39: R18 | AC39: R18 | AE39: R18 | AK39: =COUNTIF(C39:AJ39,">=R") -> 15 | AL39: =AK39 -> 15
A40: B.6.3 | B40: Hojalatería | AK40: =COUNTIF(C40:AJ40,">=R") -> 0 | AL40: =AK40 -> 0
A41: B.6.3.1 | B41: Canales | C41: R37 | E41: R37 | G41: R37 | I41: R37 | K41: R37 | M41: R37 | O41: R37 | Q41: R37 | S41: R37 | U41: R37 | W41: R37 | Y41: R37 | AA41: R37 | AC41: R37 | AE41: R37 | AK41: =COUNTIF(C41:AJ41,">=R") -> 15 | AL41: =AK41 -> 15
A42: B.6.3.2 | B42: Bajadas y Hojalaterias | AK42: =COUNTIF(C42:AJ42,">=R") -> 0 | AL42: =AK42 -> 0
A43: B.6.EX.1 | B43: Caballete | C43: R32 | E43: R32 | G43: R32 | I43: R32 | K43: R32 | M43: R26 | O43: R32 | Q43: R18 | S43: R18 | U43: R18 | W43: R18 | Y43: R18 | AA43: R18 | AC43: R18 | AE43: R18 | AK43: =COUNTIF(C43:AJ43,">=R") -> 15 | AL43: =AK43 -> 15
A44: B.6.EX.2 | B44: Esquineros | C44: R37 | E44: R37 | G44: R36 | I44: R37 | K44: R37 | M44: R27 | O44: R37 | Q44: R37 | S44: R21 | U44: R37 | W44: R37 | Y44: R37 | AA44: R37 | AC44: R21 | AE44: R21 | AK44: =COUNTIF(C44:AJ44,">=R") -> 15 | AL44: =AK44 -> 15
A45: B.6.EX.3 | B45: Forro Terminal Alero | C45: R36 | E45: R37 | G45: R36 | I45: R37 | K45: R37 | M45: R27 | O45: R36 | Q45: R37 | S45: R21 | U45: R37 | W45: R37 | Y45: R37 | AA45: R37 | AC45: R21 | AE45: R21 | AK45: =COUNTIF(C45:AJ45,">=R") -> 15 | AL45: =AK45 -> 15
A46: B.6.EX.4 | B46: Forro Cortagotera Sobrecimento | C46: R36 | E46: R37 | G46: R36 | I46: R37 | K46: R37 | M46: R27 | O46: R36 | Q46: R37 | S46: R26 | U46: R26 | W46: R26 | Y46: R26 | AA46: R19 | AC46: R19 | AE46: R19 | AK46: =COUNTIF(C46:AJ46,">=R") -> 15 | AL46: =AK46 -> 15
A47: C.1 | B47: REVESTIMIENTOS MUROS Y TABIQUES
A48: C.1.1 | B48: Exterior | AK48: =COUNTIF(C48:AJ48,">=R") -> 0 | AL48: =AK48 -> 0
A49: C.1.1.2 | B49: Placas Smart Panel 11,1 mm tipo H | C49: R36 | E49: R36 | G49: R36 | M49: R27 | O49: R36 | S49: R21 | U49: R19 | W49: R19 | Y49: R19 | AA49: R18 | AC49: R18 | AE49: R18 | AK49: =COUNTIF(C49:AJ49,">=R") -> 12 | AL49: =AK49 -> 12
A50: C.1.1.3 | B50: Placas de fibrocemento 4 mm | M50: R34 | Q50: R34 | S50: R34 | U50: R34 | W50: R34 | Y50: R34 | AA50: R34 | AC50: R34 | AE50: R34 | AK50: =COUNTIF(C50:AJ50,">=R") -> 9 | AL50: =AK50 -> 9
A51: C.1.2 | B51: Interior zona seca
A52: C.1.2.2.1 | B52: Yeso cartón 10 mm | C52: R37 | E52: R37 | G52: R37 | M52: R32 | S52: R31 | Y52: R36 | AA52: R31 | AC52: R31 | AE52: R31 | AK52: =COUNTIF(C52:AJ52,">=R") -> 9 | AL52: =AK52 -> 9
A53: C.1.2.2.2 | B53: Yeso cartón 15 mm (Adosamiento) | M53: R33 | S53: R31 | Y53: R36 | AA53: R32 | AC53: R32 | AE53: R32 | AK53: =COUNTIF(C53:AJ53,">=R") -> 6 | AL53: =AK53 -> 6
A54: C.1.3 | B54: Interior zona húmeda
A55: C.1.3.3 | B55: Fibrocemento 6 mm (Simplisima) | AK55: =COUNTIF(C55:AJ55,">=R") -> 0 | AL55: =AK55 -> 0
A56: C.2 | B56: AISLACION TERMICA MUROS (INCLUYE BARRERAS DE HUMEDAD Y VAPOR)
A57: C.2.1.2 | B57: Aislacion sobrecimiento 40 mm 15 kg/m3 | C57: R36 | E57: R36 | G57: R36 | I57: R36 | K57: R36 | M57: R37 | O57: R37 | Q57: R37 | S57: R36 | U57: R36 | W57: R36 | Y57: R35 | AA57: R36 | AC57: R36 | AE57: R36 | AK57: =COUNTIF(C57:AJ57,">=R") -> 15 | AL57: =AK57 -> 15
A58: C.2.1.3 | B58: Aislacion madera 4x4 | AK58: =COUNTIF(C58:AJ58,">=R") -> 0 | AL58: =AK58 -> 0
A59: C.2.3.1 | B59: Lana de vidrio Muros Perimetrales 94 mm 11 kg/m3 | C59: R36 | E59: R36 | G59: R36 | M59: R28 | O59: R36 | Q59: R37 | S59: R27 | Y59: R35 | AA59: R27 | AC59: R27 | AE59: R217 | AK59: =COUNTIF(C59:AJ59,">=R") -> 11 | AL59: =AK59 -> 11
A60: C.2.3.1.B | B60: Lana de vidrio 50 mm 11 kg/m3 | AK60: =COUNTIF(C60:AJ60,">=R") -> 0 | AL60: =AK60 -> 0
A61: C.3 | B61: CIELO
A62: C.3.2 | B62: Estructura cielo falso | AK62: =COUNTIF(C62:AJ62,">=R") -> 0 | AL62: =AK62 -> 0
A63: C.3.2.1 | B63: Madera | C63: R35 | E63: R35 | G63: R34 | I63: R34 | K63: R34 | M63: R27 | O63: R34 | Q63: R27 | S63: R22 | U63: R22 | W63: R26 | Y63: R28 | AA63: R26 | AC63: R26 | AE63: R26 | AK63: =COUNTIF(C63:AJ63,">=R") -> 15 | AL63: =AK63 -> 15
A64: C.3.3 | B64: Revestimiento zona seca | AK64: =COUNTIF(C64:AJ64,">=R") -> 0 | AL64: =AK64 -> 0
A65: C.3.3.1 | B65: Yeso cartón 10 mm | C65: R37 | E65: R37 | G65: R37 | M65: R33 | S65: R31 | Y65: R36 | AA65: R33 | AC65: R33 | AE65: R33 | AK65: =COUNTIF(C65:AJ65,">=R") -> 9 | AL65: =AK65 -> 9
A66: C.3.4 | B66: Revestimiento zona húmeda | AK66: =COUNTIF(C66:AJ66,">=R") -> 0 | AL66: =AK66 -> 0
A67: C.3.4.2 | B67: Yeso cartón 12.5 mm RH | M67: R33 | S67: R31 | AA67: R33 | AC67: R33 | AE67: R33 | AK67: =COUNTIF(C67:AJ67,">=R") -> 5 | AL67: =AK67 -> 5
A68: C.4 | B68: AISLACIÓN TÉRMICA CUBIERTA
A69: C.4.3.1 | B69: Lana de vidrio 160 mm 11 kg/m3 | C69: R36 | E69: R36 | G69: R36 | M69: R28 | O69: R36 | S69: R27 | Y69: R35 | AA69: R27 | AC69: R27 | AE69: R27 | AK69: =COUNTIF(C69:AJ69,">=R") -> 10 | AL69: =AK69 -> 10
A70: C.5 | B70: REVESTIMIENTO PISOS
A71: C.5.1.3 | B71: Cerámica Antideslizante (piso) | AC71: R35 | AK71: =COUNTIF(C71:AJ71,">=R") -> 1 | AL71: =AK71 -> 1
A72: C.5.4 | B72: Piso Flotante 6mm | E72: R37 | M72: R37 | Q72: R37 | W72: R37 | Y72: R37 | AA72: R37 | AC72: R37 | AE72: R37 | AK72: =COUNTIF(C72:AJ72,">=R") -> 8 | AL72: =AK72 -> 8
A73: C.7 | B73: ESCALERA INTERIOR
A74: C.7.1 | B74: Escalera (estructura, peldaños, baranda y pasamanos) | I74: R37 | K74: R37 | Q74: R37 | W74: R37 | Y74: R37 | AA74: R36 | AC74: R36 | AE74: R36 | AK74: =COUNTIF(C74:AJ74,">=R") -> 8 | AL74: =AK74 -> 8
A75: C.8 | B75: ALEROS Y FRONTONES
A76: C.8.1.1 | B76: Madera Frontones y Aleros | C76: R36 | E76: R36 | G76: R36 | I76: R37 | K76: R37 | M76: R27 | O76: R36 | Q76: R37 | S76: R21 | U76: R19 | W76: R19 | Y76: R19 | AA76: R18 | AC76: R18 | AE76: R18 | AK76: =COUNTIF(C76:AJ76,">=R") -> 15 | AL76: =AK76 -> 15
A77: C.8.2 | B77: Revestimiento
A78: C.8.2.3 | B78: Madera placas frontones smart panel H 11.1mm | C78: R36 | E78: R36 | G78: R36 | M78: R27 | O78: R36 | S78: R21 | U78: R19 | W78: R19 | Y78: R19 | AA78: R18 | AC78: R18 | AE78: R18 | AK78: =COUNTIF(C78:AJ78,">=R") -> 12 | AL78: =AK78 -> 12
A79: C.8.3 | B79: Rejillas de ventilacion | AK79: =COUNTIF(C79:AJ79,">=R") -> 0 | AL79: =AK79 -> 0
A80: C.8.3.1 | B80: Rejilla de ventilacion adicional (Cocina) | AK80: =COUNTIF(C80:AJ80,">=R") -> 0 | AL80: =AK80 -> 0
A81: C.8.4 | B81: Tapacan (Smart Panel) | C81: R36 | E81: R37 | G81: R36 | M81: R27 | O81: R36 | S81: R21 | U81: R25 | W81: R25 | Y81: R25 | AA81: R19 | AC81: R19 | AE81: R19 | AK81: =COUNTIF(C81:AJ81,">=R") -> 12 | AL81: =AK81 -> 12
A82: C.8.5.1 | B82: Fibrocemento 4 mm (Rev. Alero) | C82: R36 | E82: R37 | G82: R36 | M82: R27 | O82: R36 | S82: R21 | U82: R25 | W82: R25 | Y82: R25 | AA82: R19 | AC82: R19 | AE82: R19 | AK82: =COUNTIF(C82:AJ82,">=R") -> 12 | AL82: =AK82 -> 12
A83: C.9 | B83: PUERTAS Y VENTANAS
A84: C.9.1 | B84: Marcos | AK84: =COUNTIF(C84:AJ84,">=R") -> 0 | AL84: =AK84 -> 0
A85: C.9.1.1 | B85: Madera | AK85: =COUNTIF(C85:AJ85,">=R") -> 0 | AL85: =AK85 -> 0
A86: C.9.2 | B86: Puertas interiores
A87: C.9.2.1 | B87: Puerta ancho 70 | AK87: =COUNTIF(C87:AJ87,">=R") -> 0 | AL87: =AK87 -> 0
A88: C.9.2.4 | B88: Puerta ancho 85 | AK88: =COUNTIF(C88:AJ88,">=R") -> 0 | AL88: =AK88 -> 0
A89: C.9.3 | B89: Puerta exteriores | AK89: =COUNTIF(C89:AJ89,">=R") -> 0 | AL89: =AK89 -> 0
A90: C.9.3.1 | B90: Puerta ancho 80 (Metalica) | C90: R35 | E90: R35 | G90: R35 | I90: R35 | K90: R35 | M90: R35 | O90: R35 | Q90: R35 | S90: R35 | U90: R35 | W90: R35 | Y90: R35 | AA90: R35 | AC90: R35 | AE90: R35 | AK90: =COUNTIF(C90:AJ90,">=R") -> 15 | AL90: =AK90 -> 15
A91: C.9.3.2 | B91: Puerta ancho 85 (Metalica) | C91: R35 | E91: R35 | G91: R35 | I91: R35 | K91: R35 | M91: R35 | O91: R35 | Q91: R35 | S91: R35 | U91: R35 | W91: R35 | Y91: R35 | AA91: R35 | AC91: R35 | AE91: R35 | AK91: =COUNTIF(C91:AJ91,">=R") -> 15 | AL91: =AK91 -> 15
A92: C.9.4 | B92: Quincallería (incluye chapas, perillas, bisagras y topes)
A93: C.9.4.1 | B93: Puerta principal | AK93: =COUNTIF(C93:AJ93,">=R") -> 0 | AL93: =AK93 -> 0
A94: C.9.4.2 | B94: Baño | AK94: =COUNTIF(C94:AJ94,">=R") -> 0 | AL94: =AK94 -> 0
A95: C.9.4.3 | B95: Interior | AK95: =COUNTIF(C95:AJ95,">=R") -> 0 | AL95: =AK95 -> 0
A96: C.9.4.4 | B96: Exterior cocina | AK96: =COUNTIF(C96:AJ96,">=R") -> 0 | AL96: =AK96 -> 0
A97: C.9.5 | B97: Ventanas (incluye quincallería)
A98: C.9.5.2 | B98: PVC TERMOPANEL | M98: R33 | S98: R33 | W98: R33 | Y98: R33 | AA98: R18 | AC98: R18 | AE98: R18 | AK98: =COUNTIF(C98:AJ98,">=R") -> 7 | AL98: =AK98 -> 7
A99: C.10 | B99: MOLDURAS
A100: C.10.1 | B100: Guardapolvos | AK100: =COUNTIF(C100:AJ100,">=R") -> 0 | AL100: =AK100 -> 0
A101: C.10.2 | B101: Cornisas | AK101: =COUNTIF(C101:AJ101,">=R") -> 0 | AL101: =AK101 -> 0
A102: C.11 | B102: PINTURAS
A103: C.11.1 | B103: Óleo | AK103: =COUNTIF(C103:AJ103,">=R") -> 0 | AL103: =AK103 -> 0
...

Sheet MANZ.F
B1: SERVIU REGION DE LA ARAUCANIA | C1: CUADRO RESUMEN DE CONTROL RECEPCIONADO
A3: OBRA | B3: CAMPOS DEL SUR II | C3: FECHA | G3: 46037 | J3: R7 | K3: 45835 | N3: R16 | O3: 45905 | R3: R28 | S3: 45989 | V3: R37 | W3: 46052
A4: COMUNA | B4: RENAICO | J4: R8 | K4: 45842 | N4: R17 | O4: 45912 | R4: R29 | S4: 45996
A5: CONTRATISTA | B5: CONSTRUCTORA CIMOL S.P.A | J5: R9 | K5: 45849 | N5: R18 | O5: 45916 | R5: R30 | S5: 46003
A6: RESIDENTE DE OBRA | B6: EDGAR MORALES ALARCON | J6: R10 | K6: 45855 | N6: R21 | O6: 45940 | R6: R31 | S6: 46010
A7: AUTOCONTROL | B7: MICHEL BERGER HUICHANAO | J7: R11 | K7: 45863 | N7: R23 | O7: 45954 | R7: R32 | S7: 46015
A8: E.P. | B8: PLAN SOCIAL | J8: R12 | K8: 45870 | N8: R24 | O8: 45960 | R8: R33 | S8: 46022
A9: S.A.T. | B9: OBED CEA LONCONADO | C9: VERSION | G9: 1.0 | J9: R13 | K9: 45883 | N9: R25 | O9: 45968 | R9: R34 | S9: 46031
A10: F.T.O. | B10: MAURICIO DIAZ BARRA | J10: R14 | K10: 45891 | N10: R26 | O10: 45975 | R10: R35 | S10: 46038
A11: CODIGO | B11: 182948 | J11: R15 | K11: 45898 | N11: R27 | O11: 45982 | R11: R36 | S11: 46045
A13: ITEM | B13: DESIGNACIÓN | C13: UBICACIÓN
C14: VIVIENDA LOTE Nº | U14: MANZANA : | AA14: F
C15: 1 | E15: 2 | G15: 3 | I15: 4 | K15: 5 | M15: 6 | O15: 7 | Q15: 8 | S15: 9 | U15: 10 | W15: 11 | Y15: 12 | AA15: T. REV | AB15: TOTAL
C16: 1 | E16: 2 | G16: 3 | I16: 4 | K16: 5 | M16: 6 | O16: 7 | Q16: 8 | S16: 9 | U16: 10 | W16: 11 | Y16: 12 | AA16: T. REV | AB16: TOTAL
A17: B | B17: OBRA GRUESA | C17: AT | D17: RV | E17: AT | F17: RV | G17: AT | H17: RV | I17: AT | J17: RV | K17: AT | L17: RV | M17: AT | N17: RV | O17: AT | P17: RV | Q17: AT | R17: RV | S17: AT | T17: RV | U17: AT | V17: RV | W17: AT | X17: RV | Y17: AT | Z17: RV
A18: B.1 | B18: FUNDACIONES
A19: B.1.1 | B19: Replanteo, trazado y niveles | C19: R9 | E19: R9 | G19: R26 | I19: R7 | K19: R7 | M19: R7 | O19: R7 | Q19: R7 | S19: R7 | U19: R7 | W19: R26 | Y19: R26 | AA19: =COUNTIF(C19:Z19,">=R") -> 12 | AB19: =AA19 -> 12
A20: B.1.2 | B20: Excavación | C20: R9 | E20: R9 | G20: R7 | I20: R7 | K20: R7 | M20: R7 | O20: R7 | Q20: R7 | S20: R7 | U20: R7 | W20: R9 | Y20: R9 | AA20: =COUNTIF(C20:Z20,">=R") -> 12 | AB20: =AA20 -> 12
A21: B.1.3 | B21: Emplantillado (G5) | C21: R14 | E21: R9 | G21: R7 | I21: R7 | K21: R7 | M21: R9 | O21: R9 | Q21: R7 | S21: R7 | U21: R7 | W21: R9 | Y21: R9 | AA21: =COUNTIF(C21:Z21,">=R") -> 12 | AB21: =AA21 -> 12
A22: B.1.4 | B22: Hormigón cimientos (G10) | C22: R14 | E22: R9 | G22: R7 | I22: R7 | K22: R7 | M22: R9 | O22: R9 | Q22: R7 | S22: R7 | U22: R7 | W22: R9 | Y22: R9 | AA22: =COUNTIF(C22:Z22,">=R") -> 12 | AB22: =AA22 -> 12
A23: B.1.5 | B23: Hormigón sobrecimientos (G17) | C23: R21 | E23: R12 | G23: R13 | I23: R10 | K23: R10 | M23: R13 | O23: R13 | Q23: R10 | S23: R12 | U23: R13 | W23: R13 | Y23: R12 | AA23: =COUNTIF(C23:Z23,">=R") -> 12 | AB23: =AA23 -> 12
A24: B.1.6 | B24: Enfierradura | C24: R21 | E24: R12 | G24: R13 | I24: R10 | K24: R10 | M24: R13 | O24: R13 | Q24: R10 | S24: R12 | U24: R13 | W24: R13 | Y24: R12 | AA24: =COUNTIF(E24:Z24,">=R") -> 11 | AB24: =AA24 -> 11
A25: B.1.7 | B25: Moldajes | C25: R21 | E25: R12 | G25: R13 | I25: R10 | K25: R10 | M25: R13 | O25: R13 | Q25: R10 | S25: R12 | U25: R13 | W25: R13 | Y25: R12 | AA25: =COUNTIF(C25:Z25,">=R") -> 12 | AB25: =AA25 -> 12
A26: B.2 | B26: RADIER
A27: B.2.1 | B27: Base (Cama de ripio) e=0,08 mts | C27: R21 | E27: R12 | G27: R13 | I27: R10 | K27: R10 | M27: R13 | O27: R13 | Q27: R10 | S27: R12 | U27: R13 | W27: R13 | Y27: R12 | AA27: =COUNTIF(C27:Z27,">=R") -> 12 | AB27: =AA27 -> 12
A28: B.2.2 | B28: Hormigón (G15) | C28: R21 | E28: R12 | G28: R13 | I28: R10 | K28: R10 | M28: R13 | O28: R13 | Q28: R10 | S28: R12 | U28: R13 | W28: R13 | Y28: R12 | AA28: =COUNTIF(C28:Z28,">=R") -> 12 | AB28: =AA28 -> 12
A29: B.3 | B29: MUROS 1 piso
A30: B.3.3.1 | B30: Entramado Estructural | C30: R33 | E30: R17 | G30: R17 | I30: R17 | K30: R17 | M30: R17 | O30: R17 | Q30: R33 | S30: R17 | U30: R17 | W30: R17 | Y30: R17 | AA30: =COUNTIF(C30:Z30,">=R") -> 12 | AB30: =AA30 -> 12
A31: B.4 | B31: ESTRUCTURA HORIZONTAL (ENTREPISO)
A32: B.4.4.1 | B32: Madera | E32: R17 | G32: R17 | I32: R17 | K32: R17 | M32: R17 | O32: R17 | S32: R17 | U32: R17 | W32: R17 | Y32: R17 | AA32: =COUNTIF(C32:Z32,">=R") -> 10 | AB32: =AA32 -> 10
A33: B.4.4.2 | B33: Terciado estructural (15mm) | E33: R17 | G33: R17 | I33: R17 | K33: R17 | M33: R17 | O33: R17 | S33: R17 | U33: R17 | W33: R17 | Y33: R17 | AA33: =COUNTIF(C33:Z33,">=R") -> 10 | AB33: =AA33 -> 10
A34: B.5 | B34: MUROS 2 piso
A35: B.5.3.1 | B35: Entramado Estructural (2do P) | E35: R17 | G35: R17 | I35: R17 | K35: R17 | M35: R17 | O35: R17 | S35: R17 | U35: R17 | W35: R17 | Y35: R17 | AA35: =COUNTIF(C35:Z35,">=R") -> 10 | AB35: =AA35 -> 10
A36: B.6 | B36: CUBIERTA
A37: B.6.1.1 | B37: Madera | C37: R33 | E37: R17 | G37: R17 | I37: R17 | K37: R17 | M37: R17 | O37: R17 | Q37: R29 | S37: R17 | U37: R17 | W37: R17 | Y37: R17 | AA37: =COUNTIF(C37:Z37,">=R") -> 12 | AB37: =AA37 -> 12
A38: B.6.2.1 | B38: Acero galvanizado (0.35mm) | C38: R33 | E38: R16 | G38: R16 | I38: R16 | K38: R16 | M38: R16 | O38: R16 | Q38: R30 | S38: R16 | U38: R16 | W38: R16 | Y38: R16 | AA38: =COUNTIF(C38:Z38,">=R") -> 12 | AB38: =AA38 -> 12
A39: B.6.3 | B39: Hojalatería
A40: B.6.3.1 | B40: Canales | E40: R37 | G40: R37 | I40: R37 | K40: R37 | M40: R37 | O40: R37 | S40: R37 | U40: R37 | W40: R37 | Y40: R37 | AA40: =COUNTIF(C40:Z40,">=R") -> 10 | AB40: =AA40 -> 10
A41: B.6.3.2 | B41: Bajadas y Hojalaterias | AA41: =COUNTIF(C41:Z41,">=R") -> 0 | AB41: =AA41 -> 0
A42: B.6.EX.1 | B42: Caballete | C42: R35 | E42: R16 | G42: R16 | I42: R16 | K42: R16 | M42: R16 | O42: R16 | Q42: R30 | S42: R16 | U42: R16 | W42: R16 | Y42: R16 | AA42: =COUNTIF(C42:Z42,">=R") -> 12 | AB42: =AA42 -> 12
A43: B.6.EX.2 | B43: Esquineros | C43: R37 | E43: R17 | G43: R17 | I43: R17 | K43: R17 | M43: R15 | O43: R17 | Q43: R34 | S43: R17 | U43: R21 | W43: R21 | Y43: R17 | AA43: =COUNTIF(C43:Z43,">=R") -> 12 | AB43: =AA43 -> 12
A44: B.6.EX.3 | B44: Forro Terminal Alero | C44: R33 | E44: R21 | G44: R15 | I44: R21 | K44: R21 | M44: R15 | O44: R21 | Q44: R33 | S44: R21 | U44: R26 | W44: R21 | Y44: R21 | AA44: =COUNTIF(C44:Z44,">=R") -> 12 | AB44: =AA44 -> 12
A45: B.6.EX.4 | B45: Forro Cortagotera Sobrecimento | C45: R33 | E45: R15 | G45: R15 | I45: R15 | K45: R15 | M45: R15 | O45: R15 | Q45: R33 | S45: R17 | U45: R17 | W45: R17 | Y45: R15 | AA45: =COUNTIF(C45:Z45,">=R") -> 12 | AB45: =AA45 -> 12
A46: C.1 | B46: REVESTIMIENTOS MUROS Y TABIQUES
A47: C.1.1 | B47: Exterior | AA47: =COUNTIF(C47:Z47,">=R") -> 0 | AB47: =AA47 -> 0
A48: C.1.1.2 | B48: Placas Smart Panel 11,1 mm tipo H | C48: R33 | E48: R17 | G48: R17 | I48: R17 | K48: R17 | M48: R17 | O48: R17 | Q48: R33 | S48: R17 | U48: R17 | W48: R17 | Y48: R17 | AA48: =COUNTIF(C48:Z48,">=R") -> 12 | AB48: =AA48 -> 12
A49: C.1.1.3 | B49: Placas de fibrocemento 4 mm | E49: R30 | G49: R30 | I49: R30 | K49: R30 | M49: R30 | O49: R30 | S49: R30 | U49: R30 | W49: R30 | Y49: R30 | AA49: =COUNTIF(C49:Z49,">=R") -> 10 | AB49: =AA49 -> 10
A50: C.1.2 | B50: Interior zona seca | AA50: =COUNTIF(C50:Z50,">=R") -> 0 | AB50: =AA50 -> 0
A51: C.1.2.2.1 | B51: Yeso cartón 10 mm | E51: R28 | G51: R28 | I51: R28 | K51: R28 | M51: R28 | O51: R28 | W51: R28 | Y51: R28 | AA51: =COUNTIF(C51:Z51,">=R") -> 8 | AB51: =AA51 -> 8
A52: C.1.2.2.2 | B52: Yeso cartón 15 mm (Adosamiento) | E52: R33 | G52: R33 | I52: R33 | K52: R33 | M52: R33 | O52: R33 | W52: R33 | Y52: R33 | AA52: =COUNTIF(C52:Z52,">=R") -> 8 | AB52: =AA52 -> 8
A53: C.1.3 | B53: Interior zona húmeda | AA53: =COUNTIF(C53:Z53,">=R") -> 0 | AB53: =AA53 -> 0
A54: C.1.3.3 | B54: Fibrocemento 6 mm (Simplisima) | E54: R28 | G54: R29 | I54: R29 | K54: R29 | M54: R28 | O54: R28 | W54: R28 | Y54: R28 | AA54: =COUNTIF(C54:Z54,">=R") -> 8 | AB54: =AA54 -> 8
A55: C.2 | B55: AISLACION TERMICA MUROS (INCLUYE BARRERAS DE HUMEDAD Y VAPOR)
A56: C.2.1.2 | B56: Aislacion sobrecimiento 40 mm 15 kg/m3 | E56: R25 | G56: R25 | I56: R26 | K56: R27 | M56: R27 | O56: R27 | S56: R26 | U56: R26 | W56: R26 | Y56: R26 | AA56: =COUNTIF(C56:Z56,">=R") -> 10 | AB56: =AA56 -> 10
A57: C.2.1.3 | B57: Aislacion madera 4x4 | AA57: =COUNTIF(C57:Z57,">=R") -> 0 | AB57: =AA57 -> 0
A58: C.2.3.1 | B58: Lana de vidrio Muros Perimetrales 94 mm 11 kg/m3 | E58: R25 | G58: R25 | I58: R24 | K58: R25 | M58: R25 | O58: R26 | W58: R25 | Y58: R25 | AA58: =COUNTIF(C58:Z58,">=R") -> 8 | AB58: =AA58 -> 8
A59: C.2.3.1.B | B59: Lana de vidrio 50 mm 11 kg/m3 | W59: R25 | AA59: =COUNTIF(C59:Z59,">=R") -> 1 | AB59: =AA59 -> 1
A60: C.3 | B60: CIELO
A61: C.3.2 | B61: Estructura cielo falso | AA61: =COUNTIF(C61:Z61,">=R") -> 0 | AB61: =AA61 -> 0
A62: C.3.2.1 | B62: Madera | E62: R24 | G62: R24 | I62: R24 | K62: R24 | M62: R24 | O62: R24 | S62: R24 | U62: R24 | W62: R24 | Y62: R24 | AA62: =COUNTIF(C62:Z62,">=R") -> 10 | AB62: =AA62 -> 10
A63: C.3.3 | B63: Revestimiento zona seca
A64: C.3.3.1 | B64: Yeso cartón 10 mm | AA64: =COUNTIF(C64:Z64,">=R") -> 0 | AB64: =AA64 -> 0
A65: C.3.4 | B65: Revestimiento zona húmeda
A66: C.3.4.2 | B66: Yeso cartón 12.5 mm RH | E66: R26 | AA66: =COUNTIF(C66:Z66,">=R") -> 1 | AB66: =AA66 -> 1
A67: C.4 | B67: AISLACIÓN TÉRMICA CUBIERTA
A68: C.4.3.1 | B68: Lana de vidrio 160 mm 11 kg/m3 | E68: R25 | G68: R25 | I68: R24 | K68: R25 | M68: R25 | O68: R26 | W68: R25 | Y68: R25 | AA68: =COUNTIF(C68:Z68,">=R") -> 8 | AB68: =AA68 -> 8
A69: C.5 | B69: REVESTIMIENTO PISOS
A70: C.5.1.3 | B70: Cerámica Antideslizante (piso) | E70: R34 | G70: R33 | I70: R33 | K70: R32 | M70: R32 | O70: R32 | W70: R34 | Y70: R34 | AA70: =COUNTIF(C70:Z70,">=R") -> 8 | AB70: =AA70 -> 8
A71: C.5.4 | B71: Piso Flotante 6mm | E71: R36 | G71: R36 | I71: R35 | K71: R35 | M71: R35 | O71: R37 | W71: R36 | Y71: R36 | AA71: =COUNTIF(C71:Z71,">=R") -> 8 | AB71: =AA71 -> 8
A72: C.7 | B72: ESCALERA INTERIOR
A73: C.7.1 | B73: Escalera (estructura, peldaños, baranda y pasamanos) | E73: R35 | G73: R35 | I73: R34 | K73: R35 | M73: R34 | O73: R34 | W73: R35 | Y73: R35 | AA73: =COUNTIF(C73:Z73,">=R") -> 8 | AB73: =AA73 -> 8
A74: C.8 | B74: ALEROS Y FRONTONES
A75: C.8.1.1 | B75: Madera Frontones y Aleros | C75: R33 | E75: R17 | G75: R17 | I75: R17 | K75: R17 | M75: R17 | O75: R17 | Q75: R33 | S75: R17 | U75: R17 | W75: R17 | Y75: R17 | AA75: =COUNTIF(C75:Z75,">=R") -> 12 | AB75: =AA75 -> 12
A76: C.8.2 | B76: Revestimiento
A77: C.8.2.3 | B77: Madera placas frontones smart panel H 11.1mm | C77: R33 | E77: R17 | G77: R17 | I77: R17 | K77: R17 | M77: R17 | O77: R17 | Q77: R33 | S77: R17 | U77: R17 | W77: R17 | Y77: R17 | AA77: =COUNTIF(C77:Z77,">=R") -> 12 | AB77: =AA77 -> 12
A78: C.8.3 | B78: Rejillas de ventilacion | AA78: =COUNTIF(C78:Z78,">=R") -> 0 | AB78: =AA78 -> 0
A79: C.8.3.1 | B79: Rejilla de ventilacion adicional (Cocina) | AA79: =COUNTIF(C79:Z79,">=R") -> 0 | AB79: =AA79 -> 0
A80: C.8.4 | B80: Tapacan (Smart Panel) | C80: R33 | E80: R17 | G80: R17 | I80: R17 | K80: R17 | M80: R17 | O80: R17 | Q80: R33 | S80: R17 | U80: R17 | W80: R17 | Y80: R17 | AA80: =COUNTIF(C80:Z80,">=R") -> 12 | AB80: =AA80 -> 12
A81: C.8.5.1 | B81: Fibrocemento 4 mm (Rev. Alero) | C81: R33 | E81: R17 | G81: R17 | I81: R17 | K81: R17 | M81: R17 | O81: R17 | Q81: R33 | S81: R17 | U81: R17 | W81: R17 | Y81: R17 | AA81: =COUNTIF(C81:Z81,">=R") -> 12 | AB81: =AA81 -> 12
A82: C.9 | B82: PUERTAS Y VENTANAS
A83: C.9.1 | B83: Marcos
A84: C.9.1.1 | B84: Madera | I84: R35 | K84: R35 | M84: R35 | AA84: =COUNTIF(C84:Z84,">=R") -> 3 | AB84: =AA84 -> 3
A85: C.9.2 | B85: Puertas interiores
A86: C.9.2.1 | B86: Puerta ancho 70 | I86: R35 | K86: R35 | M86: R35 | AA86: =COUNTIF(C86:Z86,">=R") -> 3 | AB86: =AA86 -> 3
A87: C.9.2.4 | B87: Puerta ancho 85 | AA87: =COUNTIF(C87:Z87,">=R") -> 0 | AB87: =AA87 -> 0
A88: C.9.3 | B88: Puerta exteriores
A89: C.9.3.1 | B89: Puerta ancho 80 (Metalica) | E89: R34 | G89: R29 | I89: R34 | K89: R34 | M89: R34 | O89: R34 | W89: R34 | Y89: R34 | AA89: =COUNTIF(C89:Z89,">=R") -> 8 | AB89: =AA89 -> 8
A90: C.9.3.2 | B90: Puerta ancho 85 (Metalica) | E90: R34 | G90: R29 | I90: R34 | K90: R34 | M90: R34 | O90: R34 | W90: R34 | Y90: R34 | AA90: =COUNTIF(C90:Z90,">=R") -> 8 | AB90: =AA90 -> 8
A91: C.9.4 | B91: Quincallería (incluye chapas, perillas, bisagras y topes)
A92: C.9.4.1 | B92: Puerta principal | E92: R34 | G92: R35 | I92: R34 | K92: R34 | M92: R34 | O92: R34 | W92: R34 | Y92: R34 | AA92: =COUNTIF(C92:Z92,">=R") -> 8 | AB92: =AA92 -> 8
A93: C.9.4.2 | B93: Baño | I93: R35 | K93: R35 | M93: R35 | AA93: =COUNTIF(C93:Z93,">=R") -> 3 | AB93: =AA93 -> 3
A94: C.9.4.3 | B94: Interior | I94: R35 | K94: R35 | M94: R35 | AA94: =COUNTIF(C94:Z94,">=R") -> 3 | AB94: =AA94 -> 3
A95: C.9.4.4 | B95: Exterior cocina | E95: R34 | I95: R34 | K95: R34 | M95: R34 | O95: R34 | W95: R34 | Y95: R34 | AA95: =COUNTIF(C95:Z95,">=R") -> 7 | AB95: =AA95 -> 7
A96: C.9.5 | B96: Ventanas (incluye quincallería)
A97: C.9.5.2 | B97: PVC TERMOPANEL | C97: R33 | E97: R15 | G97: R15 | I97: R16 | K97: R15 | M97: R15 | O97: R15 | Q97: R33 | S97: R16 | U97: R16 | W97: R16 | Y97: R15 | AA97: =COUNTIF(C97:Z97,">=R") -> 12 | AB97: =AA97 -> 12
A98: C.10 | B98: MOLDURAS
A99: C.10.1 | B99: Guardapolvos | E99: R37 | G99: R37 | I99: R35 | K99: R35 | M99: R35 | O99: R37 | W99: R37 | Y99: R37 | AA99: =COUNTIF(C99:Z99,">=R") -> 8 | AB99: =AA99 -> 8
A100: C.10.2 | B100: Cornisas | E100: R37 | G100: R37 | I100: R35 | K100: R35 | M100: R35 | O100: R37 | W100: R37 | Y100: R37 | AA100: =COUNTIF(C100:Z100,">=R") -> 8 | AB100: =AA100 -> 8
A101: C.11 | B101: PINTURAS
A102: C.11.1 | B102: Óleo | G102: R37 | I102: R37 | K102: R37 | M102: R37 | O102: R37 | W102: R37 | Y102: R37 | AA102: =COUNTIF(C102:Z102,">=R") -> 7 | AB102: =AA102 -> 7
...

Sheet MANZ.G
B1: SERVIU REGION DE LA ARAUCANIA | C1: CUADRO RESUMEN DE CONTROL RECEPCIONADO
A7: OBRA | B7: CAMPOS DEL SUR II | C7: FECHA | G7: 46037 | J7: R2 | K7: 45797 | N7: R11 | O7: 45863 | R7: R22 | S7: 45947 | V7: R31 | W7: 46010
A8: COMUNA | B8: RENAICO | J8: R3 | K8: 45807 | N8: R12 | O8: 45870 | R8: R23 | S8: 45954 | V8: R32 | W8: 46015
A9: CONTRATISTA | B9: CONSTRUCTORA CIMOL S.P.A | J9: R4 | K9: 45814 | N9: R13 | O9: 45883 | R9: R24 | S9: 45960 | V9: R33 | W9: 46022
A10: RESIDENTE DE OBRA | B10: EDGAR MORALES ALARCON | J10: R5 | K10: 45821 | N10: R14 | O10: 45891 | R10: R25 | S10: 45968 | V10: R34 | W10: 46031
A11: AUTOCONTROL | B11: MICHEL BERGER HUICHANAO | J11: R6 | K11: 45827 | N11: R16 | O11: 45905 | R11: R26 | S11: 45975 | V11: R35 | W11: 46038
A12: E.P. | B12: PLAN SOCIAL | C12: VERSION | G12: 1.0 | J12: R7 | K12: 45835 | N12: R17 | O12: 45912 | R12: R27 | S12: 45982 | V12: R36 | W12: 46045
A13: S.A.T. | B13: OBED CEA LONCONADO | J13: R8 | K13: 45842 | N13: R19 | O13: 45926 | R13: R28 | S13: 45989 | V13: R37 | W13: 46052
A14: F.T.O. | B14: MAURICIO DIAZ BARRA | J14: R9 | K14: 45849 | N14: R20 | O14: 45933 | R14: R29 | S14: 45996
A15: CODIGO | B15: 182948 | J15: R10 | K15: 45855 | N15: R21 | O15: 45940 | R15: R30 | S15: 46003
A17: ITEM | B17: DESIGNACIÓN | C17: UBICACIÓN
C18: VIVIENDA LOTE Nº | AM18: MANZANA : | AS18: G
C19: 1 | E19: 2 | G19: 3 | I19: 4 | K19: 5 | M19: 6 | O19: 7 | Q19: 8 | S19: 9 | U19: 10 | W19: 11 | Y19: 12 | AA19: 13 | AC19: 14 | AE19: 15 | AG19: 16 | AI19: 17 | AK19: 18 | AM19: 19 | AO19: 20 | AQ19: 21 | AS19: T. REV | AT19: TOTAL
A20: B | B20: OBRA GRUESA | C20: AT | D20: RV | E20: AT | F20: RV | G20: AT | H20: RV | I20: AT | J20: RV | K20: AT | L20: RV | M20: AT | N20: RV | O20: AT | P20: RV | Q20: AT | R20: RV | S20: AT | T20: RV | U20: AT | V20: RV | W20: AT | X20: RV | Y20: AT | Z20: RV | AA20: AT | AB20: RV | AC20: AT | AD20: RV | AE20: AT | AF20: RV | AG20: AT | AH20: RV | AI20: AT | AJ20: RV | AK20: AT | AL20: RV | AM20: AT | AN20: RV | AO20: AT | AP20: RV | AQ20: AT | AR20: RV
A21: B.1 | B21: FUNDACIONES
A22: B.1.1 | B22: Replanteo, trazado y niveles | G22: R3 | I22: R3 | K22: R3 | M22: R3 | O22: R3 | Q22: R3 | S22: R3 | U22: R2 | W22: R2 | Y22: R2 | AA22: R2 | AC22: R2 | AE22: R2 | AG22: R2 | AI22: R2 | AK22: R2 | AM22: R2 | AO22: R2 | AQ22: R2 | AS22: =COUNTIF(C22:AR22,">=R") -> 19 | AT22: =AS22 -> 19
A23: B.1.2 | B23: Excavación | G23: R3 | I23: R3 | K23: R3 | M23: R3 | O23: R3 | Q23: R3 | S23: R3 | U23: R3 | W23: R2 | Y23: R2 | AA23: R2 | AC23: R2 | AE23: R2 | AG23: R2 | AI23: R2 | AK23: R2 | AM23: R2 | AO23: R2 | AQ23: R2 | AS23: =COUNTIF(C23:AR23,">=R") -> 19 | AT23: =AS23 -> 19
A24: B.1.3 | B24: Emplantillado (G5) | G24: R3 | I24: R3 | K24: R3 | M24: R3 | O24: R3 | Q24: R3 | S24: R3 | U24: R3 | W24: R2 | Y24: R2 | AA24: R2 | AC24: R2 | AE24: R2 | AG24: R2 | AI24: R2 | AK24: R2 | AM24: R2 | AO24: R2 | AQ24: R2 | AS24: =COUNTIF(C24:AR24,">=R") -> 19 | AT24: =AS24 -> 19
A25: B.1.4 | B25: Hormigón cimientos (G10) | G25: R3 | I25: R3 | K25: R3 | M25: R3 | O25: R3 | Q25: R3 | S25: R3 | U25: R3 | W25: R2 | Y25: R2 | AA25: R2 | AC25: R2 | AE25: R2 | AG25: R2 | AI25: R2 | AK25: R2 | AM25: R2 | AO25: R2 | AQ25: R2 | AS25: =COUNTIF(C25:AR25,">=R") -> 19 | AT25: =AS25 -> 19
A26: B.1.5 | B26: Hormigón sobrecimientos (G17) | G26: R4 | I26: R4 | K26: R3 | M26: R3 | O26: R3 | Q26: R3 | S26: R3 | U26: R3 | W26: R3 | Y26: R3 | AA26: R3 | AC26: R3 | AE26: R3 | AG26: R3 | AI26: R3 | AK26: R3 | AM26: R4 | AO26: R2 | AQ26: R2 | AS26: =COUNTIF(C26:AR26,">=R") -> 19 | AT26: =AS26 -> 19
A27: B.1.6 | B27: Enfierradura | G27: R4 | I27: R4 | K27: R3 | M27: R3 | O27: R3 | Q27: R3 | S27: R3 | U27: R3 | W27: R3 | Y27: R3 | AA27: R3 | AC27: R3 | AE27: R3 | AG27: R3 | AI27: R3 | AK27: R2 | AM27: R2 | AO27: R2 | AQ27: R2 | AS27: =COUNTIF(C27:AR27,">=R") -> 19 | AT27: =AS27 -> 19
A28: B.1.7 | B28: Moldajes | G28: R4 | I28: R4 | K28: R3 | M28: R3 | O28: R3 | Q28: R3 | S28: R3 | U28: R3 | W28: R3 | Y28: R3 | AA28: R3 | AC28: R3 | AE28: R3 | AG28: R3 | AI28: R3 | AK28: R2 | AM28: R2 | AO28: R2 | AQ28: R2 | AS28: =COUNTIF(C28:AR28,">=R") -> 19 | AT28: =AS28 -> 19
A29: B.2 | B29: RADIER
A30: B.2.1 | B30: Base (Cama de ripio) e=0,08 mts | G30: R4 | I30: R4 | K30: R3 | M30: R3 | O30: R3 | Q30: R3 | S30: R3 | U30: R3 | W30: R3 | Y30: R3 | AA30: R3 | AC30: R3 | AE30: R3 | AG30: R3 | AI30: R3 | AK30: R3 | AM30: R4 | AO30: R2 | AQ30: R2 | AS30: =COUNTIF(C30:AR30,">=R") -> 19 | AT30: =AS30 -> 19
A31: B.2.2 | B31: Hormigón (G15) | G31: R4 | I31: R4 | K31: R3 | M31: R3 | O31: R3 | Q31: R3 | S31: R3 | U31: R3 | W31: R3 | Y31: R3 | AA31: R3 | AC31: R3 | AE31: R3 | AG31: R3 | AI31: R3 | AK31: R3 | AM31: R4 | AO31: R2 | AQ31: R2 | AS31: =COUNTIF(C31:AR31,">=R") -> 19 | AT31: =AS31 -> 19
A32: B.3 | B32: MUROS 1 piso
A33: B.3.3.1 | B33: Entramado Estructural | I33: R6 | K33: R6 | M33: R6 | O33: R6 | Q33: R6 | S33: R6 | U33: R5 | W33: R5 | Y33: R5 | AA33: R5 | AC33: R5 | AE33: R5 | AG33: R5 | AI33: R5 | AK33: R5 | AM33: R5 | AO33: R5 | AQ33: R9 | AS33: =COUNTIF(C33:AR33,">=R") -> 18 | AT33: =AS33 -> 18
A34: B.4 | B34: ESTRUCTURA HORIZONTAL (ENTREPISO)
A35: B.4.4.1 | B35: Madera | I35: R6 | K35: R6 | M35: R6 | O35: R6 | Q35: R6 | S35: R6 | U35: R5 | W35: R5 | Y35: R5 | AA35: R5 | AC35: R5 | AE35: R5 | AG35: R5 | AI35: R5 | AK35: R5 | AM35: R5 | AO35: R5 | AQ35: R9 | AS35: =COUNTIF(C35:AR35,">=R") -> 18 | AT35: =AS35 -> 18
A36: B.4.4.2 | B36: Terciado estructural (15mm) | I36: R6 | K36: R6 | M36: R6 | O36: R6 | Q36: R6 | S36: R6 | U36: R5 | W36: R5 | Y36: R5 | AA36: R5 | AC36: R5 | AE36: R5 | AG36: R5 | AI36: R5 | AK36: R5 | AM36: R5 | AO36: R5 | AQ36: R9 | AS36: =COUNTIF(C36:AR36,">=R") -> 18 | AT36: =AS36 -> 18
A37: B.5 | B37: MUROS 2 piso
A38: B.5.3.1 | B38: Entramado Estructural (2do P) | I38: R6 | K38: R6 | M38: R6 | O38: R6 | Q38: R6 | S38: R6 | U38: R5 | W38: R5 | Y38: R5 | AA38: R5 | AC38: R5 | AE38: R5 | AG38: R5 | AI38: R5 | AK38: R5 | AM38: R5 | AO38: R5 | AQ38: R9 | AS38: =COUNTIF(C38:AR38,">=R") -> 18 | AT38: =AS38 -> 18
A39: B.6 | B39: CUBIERTA
A40: B.6.1.1 | B40: Madera | I40: R7 | K40: R7 | M40: R7 | O40: R7 | Q40: R7 | S40: R6 | U40: R6 | W40: R6 | Y40: R6 | AA40: R5 | AC40: R5 | AE40: R5 | AG40: R5 | AI40: R5 | AK40: R5 | AM40: R5 | AO40: R5 | AQ40: R9 | AS40: =COUNTIF(C40:AR40,">=R") -> 18 | AT40: =AS40 -> 18
A41: B.6.2.1 | B41: Acero galvanizado (0.35mm) | I41: R7 | K41: R7 | M41: R7 | O41: R7 | Q41: R7 | S41: R7 | U41: R7 | W41: R7 | Y41: R7 | AA41: R7 | AC41: R7 | AE41: R9 | AG41: R9 | AI41: R9 | AK41: R9 | AM41: R9 | AO41: R5 | AQ41: R11 | AS41: =COUNTIF(C41:AR41,">=R") -> 18 | AT41: =AS41 -> 18
A42: B.6.3 | B42: Hojalatería
A43: B.6.3.1 | B43: Canales | I43: R36 | K43: R36 | M43: R36 | O43: R36 | Q43: R36 | S43: R36 | U43: R36 | W43: R36 | Y43: R36 | AA43: R36 | AC43: R36 | AE43: R36 | AG43: R36 | AI43: R36 | AK43: R36 | AM43: R36 | AO43: R10 | AQ43: R36 | AS43: =COUNTIF(C43:AR43,">=R") -> 18 | AT43: =AS43 -> 18
A44: B.6.3.2 | B44: Bajadas y Hojalaterias | AS44: =COUNTIF(C44:AR44,">=R") -> 0 | AT44: =AS44 -> 0
A45: B.6.EX.1 | B45: Caballete | I45: R9 | K45: R9 | M45: R26 | O45: R26 | Q45: R26 | S45: R9 | U45: R9 | W45: R9 | Y45: R9 | AA45: R9 | AC45: R9 | AE45: R9 | AG45: R9 | AI45: R9 | AK45: R9 | AM45: R9 | AO45: R5 | AQ45: R21 | AS45: =COUNTIF(C45:AR45,">=R") -> 18 | AT45: =AS45 -> 18
A46: B.6.EX.2 | B46: Esquineros | I46: R15 | K46: R24 | M46: R15 | O46: R24 | Q46: R24 | S46: R15 | U46: R15 | W46: R24 | Y46: R24 | AA46: R24 | AC46: R24 | AE46: R15 | AG46: R15 | AI46: R7 | AK46: R7 | AM46: R7 | AO46: R7 | AQ46: R15 | AS46: =COUNTIF(C46:AR46,">=R") -> 18 | AT46: =AS46 -> 18
A47: B.6.EX.3 | B47: Forro Terminal Alero | I47: R15 | K47: R26 | M47: R15 | O47: R15 | Q47: R15 | S47: R15 | U47: R15 | W47: R21 | Y47: R26 | AA47: R26 | AC47: R26 | AE47: R15 | AG47: R15 | AI47: R15 | AK47: R15 | AM47: R15 | AO47: R5 | AQ47: R15 | AS47: =COUNTIF(C47:AR47,">=R") -> 18 | AT47: =AS47 -> 18
A48: B.6.EX.4 | B48: Forro Cortagotera Sobrecimento | I48: R9 | K48: R9 | M48: R9 | O48: R9 | Q48: R7 | S48: R7 | U48: R7 | W48: R7 | Y48: R7 | AA48: R7 | AC48: R7 | AE48: R7 | AG48: R7 | AI48: R7 | AK48: R7 | AM48: R7 | AO48: R5 | AQ48: R10 | AS48: =COUNTIF(C48:AR48,">=R") -> 18 | AT48: =AS48 -> 18
A49: C.1 | B49: REVESTIMIENTOS MUROS Y TABIQUES
A50: C.1.1 | B50: Exterior
A51: C.1.1.2 | B51: Placas Smart Panel 11,1 mm tipo H | I51: R19 | K51: R19 | M51: R19 | O51: R19 | Q51: R19 | S51: R6 | U51: R6 | W51: R6 | Y51: R6 | AA51: R12 | AC51: R12 | AE51: R12 | AG51: R7 | AI51: R7 | AK51: R6 | AM51: R6 | AO51: R5 | AQ51: R19 | AS51: =COUNTIF(C51:AR51,">=R") -> 18 | AT51: =AS51 -> 18
A52: C.1.1.3 | B52: Placas de fibrocemento 4 mm | I52: R30 | K52: R30 | M52: R30 | O52: R30 | Q52: R30 | S52: R30 | U52: R30 | W52: R30 | Y52: R30 | AA52: R30 | AC52: R30 | AE52: R30 | AG52: R30 | AI52: R30 | AK52: R30 | AM52: R30 | AO52: R34 | AQ52: R30 | AS52: =COUNTIF(C52:AR52,">=R") -> 18 | AT52: =AS52 -> 18
A53: C.1.2 | B53: Interior zona seca
A54: C.1.2.2.1 | B54: Yeso cartón 10 mm | I54: R23 | K54: R23 | M54: R23 | O54: R23 | Q54: R22 | S54: R21 | U54: R21 | W54: R20 | Y54: R20 | AA54: R20 | AC54: R20 | AE54: R20 | AG54: R20 | AI54: R19 | AK54: R19 | AM54: R19 | AO54: R6 | AQ54: R34 | AS54: =COUNTIF(C54:AR54,">=R") -> 18 | AT54: =AS54 -> 18
A55: C.1.2.2.2 | B55: Yeso cartón 15 mm (Adosamiento) | I55: R23 | K55: R23 | M55: R22 | O55: R22 | Q55: R22 | S55: R21 | U55: R21 | W55: R20 | Y55: R20 | AA55: R20 | AC55: R20 | AE55: R20 | AG55: R20 | AI55: R19 | AK55: R19 | AM55: R19 | AO55: R6 | AQ55: R34 | AS55: =COUNTIF(C55:AR55,">=R") -> 18 | AT55: =AS55 -> 18
A56: C.1.3 | B56: Interior zona húmeda
A57: C.1.3.3 | B57: Fibrocemento 6 mm (Simplisima) | I57: R23 | K57: R23 | M57: R23 | O57: R23 | Q57: R22 | S57: R21 | U57: R21 | W57: R21 | Y57: R21 | AA57: R20 | AC57: R20 | AE57: R20 | AG57: R20 | AI57: R19 | AK57: R19 | AM57: R19 | AO57: R12 | AS57: =COUNTIF(C57:AR57,">=R") -> 17 | AT57: =AS57 -> 17
A58: C.2 | B58: AISLACION TERMICA MUROS (INCLUYE BARRERAS DE HUMEDAD Y VAPOR)
A59: C.2.1.2 | B59: Aislacion sobrecimiento 40 mm 15 kg/m3 | I59: R23 | K59: R23 | M59: R23 | O59: R23 | Q59: R23 | S59: R23 | U59: R23 | W59: R37 | Y59: R37 | AA59: R37 | AC59: R37 | AE59: R37 | AG59: R37 | AI59: R37 | AK59: R37 | AM59: R37 | AO59: R12 | AQ59: R37 | AS59: =COUNTIF(C59:AR59,">=R") -> 18 | AT59: =AS59 -> 18
A60: C.2.1.3 | B60: Aislacion madera 4x4 | I60: R23 | K60: R23 | M60: R23 | O60: R23 | Q60: R23 | S60: R23 | U60: R23 | W60: R24 | Y60: R24 | AA60: R24 | AC60: R24 | AE60: R24 | AG60: R24 | AI60: R24 | AK60: R24 | AM60: R24 | AO60: R24 | AQ60: R24 | AS60: =COUNTIF(C60:AR60,">=R") -> 18 | AT60: =AS60 -> 18
A61: C.2.3.1 | B61: Lana de vidrio Muros Perimetrales 94 mm 11 kg/m3 | I61: R19 | K61: R19 | M61: R19 | O61: R19 | Q61: R19 | S61: R19 | U61: R19 | W61: R19 | Y61: R19 | AA61: R19 | AC61: R17 | AE61: R17 | AG61: R17 | AI61: R17 | AK61: R17 | AM61: R19 | AO61: R5 | AQ61: R26 | AS61: =COUNTIF(C61:AR61,">=R") -> 18 | AT61: =AS61 -> 18
A62: C.2.3.1.B | B62: Lana de vidrio 50 mm 11 kg/m3 | AS62: =COUNTIF(C62:AR62,">=R") -> 0 | AT62: =AS62 -> 0
A63: C.3 | B63: CIELO
A64: C.3.2 | B64: Estructura cielo falso
A65: C.3.2.1 | B65: Madera | I65: R9 | K65: R9 | M65: R9 | O65: R9 | Q65: R8 | S65: R7 | U65: R7 | W65: R7 | Y65: R7 | AA65: R7 | AC65: R7 | AE65: R7 | AG65: R7 | AI65: R7 | AK65: R7 | AM65: R7 | AO65: R5 | AQ65: R10 | AS65: =COUNTIF(C65:AR65,">=R") -> 18 | AT65: =AS65 -> 18
A66: C.3.3 | B66: Revestimiento zona seca
A67: C.3.3.1 | B67: Yeso cartón 10 mm | I67: R23 | K67: R23 | M67: R22 | O67: R22 | Q67: R22 | S67: R21 | U67: R21 | W67: R20 | Y67: R20 | AA67: R20 | AC67: R20 | AE67: R20 | AG67: R20 | AI67: R19 | AK67: R19 | AM67: R19 | AO67: R6 | AQ67: R34 | AS67: =COUNTIF(C67:AR67,">=R") -> 18 | AT67: =AS67 -> 18
A68: C.3.4 | B68: Revestimiento zona húmeda
A69: C.3.4.2 | B69: Yeso cartón 12.5 mm RH | I69: R23 | K69: R22 | M69: R22 | O69: R22 | Q69: R22 | S69: R21 | U69: R21 | W69: R20 | Y69: R20 | AA69: R20 | AC69: R20 | AE69: R20 | AG69: R20 | AI69: R19 | AK69: R19 | AM69: R19 | AO69: R6 | AS69: =COUNTIF(C69:AR69,">=R") -> 17 | AT69: =AS69 -> 17
A70: C.4 | B70: AISLACIÓN TÉRMICA CUBIERTA
A71: C.4.3.1 | B71: Lana de vidrio 160 mm 11 kg/m3 | I71: R19 | K71: R19 | M71: R19 | O71: R19 | Q71: R19 | S71: R19 | U71: R19 | W71: R19 | Y71: R19 | AA71: R19 | AC71: R17 | AE71: R17 | AG71: R17 | AI71: R17 | AK71: R17 | AM71: R19 | AO71: R5 | AQ71: R26 | AS71: =COUNTIF(C71:AR71,">=R") -> 18 | AT71: =AS71 -> 18
A72: C.5 | B72: REVESTIMIENTO PISOS
A73: C.5.1.3 | B73: Cerámica Antideslizante (piso) | I73: R25 | K73: R25 | M73: R25 | O73: R25 | Q73: R21 | S73: R21 | U73: R21 | W73: R19 | Y73: R19 | AA73: R17 | AC73: R17 | AE73: R17 | AG73: R17 | AI73: R17 | AK73: R17 | AM73: R19 | AO73: R9 | AS73: =COUNTIF(C73:AR73,">=R") -> 17 | AT73: =AS73 -> 17
A74: C.5.4 | B74: Piso Flotante 6mm | I74: R29 | K74: R29 | M74: R29 | O74: R29 | Q74: R29 | S74: R29 | U74: R29 | W74: R29 | Y74: R29 | AA74: R29 | AC74: R29 | AE74: R29 | AG74: R29 | AI74: R29 | AK74: R29 | AM74: R29 | AO74: R12 | AS74: =COUNTIF(C74:AR74,">=R") -> 17 | AT74: =AS74 -> 17
A75: C.7 | B75: ESCALERA INTERIOR
A76: C.7.1 | B76: Escalera (estructura, peldaños, baranda y pasamanos) | I76: R29 | K76: R29 | M76: R29 | O76: R29 | Q76: R29 | S76: R29 | U76: R29 | W76: R29 | Y76: R29 | AA76: R29 | AC76: R29 | AE76: R.28 | AG76: R.28 | AI76: R29 | AK76: R29 | AM76: R29 | AO76: R9 | AS76: =COUNTIF(C76:AR76,">=R") -> 17 | AT76: =AS76 -> 17
A77: C.8 | B77: ALEROS Y FRONTONES
A78: C.8.1.1 | B78: Madera Frontones y Aleros | I78: R19 | K78: R19 | M78: R19 | O78: R19 | Q78: R19 | S78: R21 | U78: R19 | W78: R19 | Y78: R19 | AA78: R21 | AC78: R21 | AE78: R12 | AG78: R12 | AI78: R15 | AK78: R12 | AM78: R12 | AO78: R6 | AQ78: R19 | AS78: =COUNTIF(C78:AR78,">=R") -> 18 | AT78: =AS78 -> 18
A79: C.8.2 | B79: Revestimiento
A80: C.8.2.3 | B80: Madera placas frontones smart panel H 11.1mm | I80: R19 | K80: R19 | M80: R19 | O80: R19 | Q80: R19 | S80: R21 | U80: R19 | W80: R19 | Y80: R19 | AA80: R21 | AC80: R21 | AE80: R12 | AG80: R7 | AI80: R7 | AK80: R7 | AM80: R7 | AO80: R6 | AQ80: R19 | AS80: =COUNTIF(C80:AR80,">=R") -> 18 | AT80: =AS80 -> 18
A81: C.8.3 | B81: Rejillas de ventilacion | AO81: R16 | AS81: =COUNTIF(C81:AR81,">=R") -> 1 | AT81: =AS81 -> 1
A82: C.8.3.1 | B82: Rejilla de ventilacion adicional (Cocina) | AO82: R16 | AS82: =COUNTIF(C82:AR82,">=R") -> 1 | AT82: =AS82 -> 1
A83: C.8.4 | B83: Tapacan (Smart Panel) | I83: R19 | K83: R19 | M83: R19 | O83: R19 | Q83: R19 | S83: R21 | U83: R19 | W83: R19 | Y83: R19 | AA83: R21 | AC83: R21 | AE83: R12 | AG83: R12 | AI83: R12 | AK83: R12 | AM83: R26 | AO83: R6 | AQ83: R19 | AS83: =COUNTIF(C83:AR83,">=R") -> 18 | AT83: =AS83 -> 18
A84: C.8.5.1 | B84: Fibrocemento 4 mm (Rev. Alero) | I84: R19 | K84: R19 | M84: R19 | O84: R19 | Q84: R19 | S84: R21 | U84: R19 | W84: R19 | Y84: R19 | AA84: R21 | AC84: R21 | AE84: R12 | AG84: R12 | AI84: R12 | AK84: R12 | AM84: R12 | AO84: R6 | AQ84: R19 | AS84: =COUNTIF(C84:AR84,">=R") -> 18 | AT84: =AS84 -> 18
A85: C.9 | B85: PUERTAS Y VENTANAS
A86: C.9.1 | B86: Marcos
A87: C.9.1.1 | B87: Madera | I87: R29 | K87: R29 | M87: R29 | O87: R30 | Q87: R29 | S87: R29 | U87: R30 | W87: R30 | Y87: R30 | AA87: R30 | AC87: R30 | AE87: R30 | AG87: R30 | AI87: R30 | AK87: R30 | AM87: R30 | AO87: R9 | AS87: =COUNTIF(C87:AR87,">=R") -> 17 | AT87: =AS87 -> 17
A88: C.9.2 | B88: Puertas interiores
A89: C.9.2.1 | B89: Puerta ancho 70 | I89: R29 | K89: R29 | M89: R29 | O89: R30 | Q89: R29 | S89: R29 | U89: R30 | W89: R30 | Y89: R30 | AA89: R30 | AC89: R30 | AE89: R30 | AG89: R30 | AI89: R30 | AK89: R30 | AM89: R30 | AO89: R9 | AS89: =COUNTIF(C89:AR89,">=R") -> 17 | AT89: =AS89 -> 17
A90: C.9.2.4 | B90: Puerta ancho 85 | AO90: R9 | AS90: =COUNTIF(C90:AR90,">=R") -> 1 | AT90: =AS90 -> 1
A91: C.9.3 | B91: Puerta exteriores
A92: C.9.3.1 | B92: Puerta ancho 80 (Metalica) | I92: R25 | K92: R25 | M92: R25 | O92: R25 | Q92: R25 | S92: R25 | U92: R29 | W92: R29 | Y92: R29 | AA92: R29 | AC92: R29 | AE92: R29 | AG92: R29 | AI92: R29 | AK92: R29 | AM92: R29 | AO92: R9 | AQ92: R29 | AS92: =COUNTIF(C92:AR92,">=R") -> 18 | AT92: =AS92 -> 18
A93: C.9.3.2 | B93: Puerta ancho 85 (Metalica) | I93: R25 | K93: R25 | M93: R25 | O93: R25 | Q93: R25 | S93: R25 | U93: R34 | W93: R34 | Y93: R34 | AA93: R34 | AC93: R34 | AE93: R34 | AG93: R34 | AI93: R34 | AK93: R34 | AM93: R34 | AO93: R9 | AQ93: R34 | AS93: =COUNTIF(C93:AR93,">=R") -> 18 | AT93: =AS93 -> 18
A94: C.9.4 | B94: Quincallería (incluye chapas, perillas, bisagras y topes)
A95: C.9.4.1 | B95: Puerta principal | I95: R30 | K95: R30 | M95: R30 | O95: R30 | Q95: R30 | S95: R30 | U95: R30 | W95: R30 | Y95: R30 | AA95: R30 | AC95: R30 | AE95: R30 | AG95: R30 | AI95: R30 | AK95: R34 | AM95: R34 | AO95: R9 | AQ95: R34 | AS95: =COUNTIF(C95:AR95,">=R") -> 18 | AT95: =AS95 -> 18
A96: C.9.4.2 | B96: Baño | I96: R30 | K96: R30 | M96: R30 | O96: R30 | Q96: R30 | S96: R30 | U96: R30 | W96: R30 | Y96: R30 | AA96: R30 | AC96: R30 | AE96: R30 | AG96: R30 | AI96: R30 | AO96: R9 | AS96: =COUNTIF(C96:AR96,">=R") -> 15 | AT96: =AS96 -> 15
A97: C.9.4.3 | B97: Interior | I97: R30 | K97: R30 | M97: R30 | O97: R30 | Q97: R30 | S97: R30 | U97: R30 | W97: R30 | Y97: R30 | AA97: R30 | AC97: R30 | AE97: R30 | AG97: R30 | AI97: R30 | AO97: R9 | AS97: =COUNTIF(C97:AR97,">=R") -> 15 | AT97: =AS97 -> 15
A98: C.9.4.4 | B98: Exterior cocina | I98: R30 | K98: R30 | M98: R30 | O98: R30 | Q98: R30 | S98: R30 | U98: R30 | W98: R30 | Y98: R30 | AA98: R30 | AC98: R30 | AE98: R30 | AG98: R30 | AI98: R30 | AO98: R9 | AQ98: R34 | AS98: =COUNTIF(C98:AR98,">=R") -> 16 | AT98: =AS98 -> 16
A99: C.9.5 | B99: Ventanas (incluye quincallería)
A100: C.9.5.2 | B100: PVC TERMOPANEL | I100: R9 | K100: R9 | M100: R7 | O100: R7 | Q100: R7 | S100: R7 | U100: R7 | W100: R7 | Y100: R7 | AA100: R7 | AC100: R7 | AE100: R7 | AG100: R6 | AI100: R6 | AK100: R6 | AM100: R6 | AO100: R6 | AQ100: R25 | AS100: =COUNTIF(C100:AR100,">=R") -> 18 | AT100: =AS100 -> 18
A101: C.10 | B101: MOLDURAS
A102: C.10.1 | B102: Guardapolvos | I102: R37 | K102: R37 | M102: R37 | O102: R37 | Q102: R30 | S102: R30 | U102: R31 | W102: R31 | Y102: R31 | AA102: R31 | AC102: R31 | AE102: R31 | AG102: R31 | AI102: R31 | AK102: R31 | AM102: R31 | AO102: R12 | AS102: =COUNTIF(C102:AR102,">=R") -> 17 | AT102: =AS102 -> 17
A103: C.10.2 | B103: Cornisas | I103: R30 | K103: R37 | M103: R30 | O103: R30 | Q103: R37 | S103: R37 | U103: R31 | W103: R31 | Y103: R31 | AA103: R31 | AC103: R31 | AE103: R31 | AG103: R31 | AI103: R31 | AK103: R31 | AM103: R31 | AO103: R12 | AS103: =COUNTIF(C103:AR103,">=R") -> 17 | AT103: =AS103 -> 17
A104: C.11 | B104: PINTURAS
A105: C.11.1 | B105: Óleo | I105: R37 | K105: R37 | M105: R37 | O105: R37 | Q105: R37 | S105: R37 | U105: R37 | W105: R37 | Y105: R37 | AA105: R37 | AC105: R37 | AE105: R37 | AG105: R37 | AI105: R37 | AK105: R37 | AM105: R37 | AO105: R16 | AS105: =COUNTIF(C105:AR105,">=R") -> 17 | AT105: =AS105 -> 17
A106: C.11.2.2 | B106: Esmalte (Exterior) | I106: R24 | K106: R24 | M106: R24 | O106: R24 | Q106: R24 | S106: R24 | U106: R23 | W106: R23 | Y106: R23 | AA106: R23 | AC106: R23 | AE106: R23 | AG106: R23 | AI106: R23 | AK106: R23 | AM106: R23 | AO106: R16 | AQ106: R27 | AS106: =COUNTIF(C106:AR106,">=R") -> 18 | AT106: =AS106 -> 18
...

Sheet MANZ.H
B1: SERVIU REGION DE LA ARAUCANIA | C1: CUADRO RESUMEN DE CONTROL RECEPCIONADO
A4: OBRA | B4: CAMPOS DEL SUR II | C4: FECHA | G4: 46037 | J4: R4 | K4: 45814 | N4: R15 | O4: 45898 | R4: R29 | S4: 45996
A5: COMUNA | B5: RENAICO | J5: R5 | K5: 45821 | N5: R16 | O5: 45905 | R5: R30 | S5: 46003
A6: CONTRATISTA | B6: CONSTRUCTORA CIMOL S.P.A | J6: R7 | K6: 45835 | N6: R20 | O6: 45933 | R6: R31 | S6: 46010
A7: RESIDENTE DE OBRA | B7: EDGAR MORALES ALARCON | J7: R8 | K7: 45842 | N7: R21 | O7: 45940 | R7: R32 | S7: 46015
A8: AUTOCONTROL | B8: MICHEL BERGER HUICHANAO | J8: R9 | K8: 45849 | N8: R23 | O8: 45954 | R8: R33 | S8: 46022
A9: E.P. | B9: PLAN SOCIAL | J9: R10 | K9: 45855 | N9: R24 | O9: 45960 | R9: R34 | S9: 46031
A10: S.A.T. | B10: OBED CEA LONCONADO | C10: VERSION | G10: 1.0 | J10: R11 | K10: 45863 | N10: R25 | O10: 45968 | R10: R35 | S10: 46038
A11: F.T.O. | B11: MAURICIO DIAZ BARRA | J11: R12 | K11: 45870 | N11: R26 | O11: 45975 | R11: R36 | S11: 46045
A12: CODIGO | B12: 182948 | J12: R13 | K12: 45883 | N12: R27 | O12: 45982 | R12: R37 | S12: 46052
J13: R14 | K13: 45891 | N13: R28 | O13: 45989
A15: ITEM | B15: DESIGNACIÓN | C15: UBICACIÓN
C16: VIVIENDA LOTE Nº | O16: MANZANA : | U16: H
C17: 1 | E17: 2 | G17: 3 | I17: 4 | K17: 5 | M17: 6 | O17: 7 | Q17: 8 | S17: 9 | U17: T. REV | V17: TOTAL
A18: B | B18: OBRA GRUESA | C18: AT | D18: RV | E18: AT | F18: RV | G18: AT | H18: RV | I18: AT | J18: RV | K18: AT | L18: RV | M18: AT | N18: RV | O18: AT | P18: RV | Q18: AT | R18: RV | S18: AT | T18: RV
A19: B.1 | B19: FUNDACIONES
A20: B.1.1 | B20: Replanteo, trazado y niveles | C20: R4 | E20: R4 | G20: R4 | I20: R4 | K20: R4 | M20: R4 | O20: R4 | Q20: R4 | S20: R4 | U20: =COUNTIF(C20:T20,">=R") -> 9 | V20: =U20 -> 9
A21: B.1.2 | B21: Excavación | C21: R5 | E21: R5 | G21: R5 | I21: R5 | K21: R4 | M21: R4 | O21: R4 | Q21: R4 | S21: R4 | U21: =COUNTIF(C21:T21,">=R") -> 9 | V21: =U21 -> 9
A22: B.1.3 | B22: Emplantillado (G5) | C22: R5 | E22: R5 | G22: R5 | I22: R5 | K22: R5 | M22: R5 | O22: R5 | Q22: R5 | S22: R5 | U22: =COUNTIF(C22:T22,">=R") -> 9 | V22: =U22 -> 9
A23: B.1.4 | B23: Hormigón cimientos (G10) | C23: R5 | E23: R5 | G23: R5 | I23: R5 | K23: R5 | M23: R5 | O23: R5 | Q23: R5 | S23: R5 | U23: =COUNTIF(C23:T23,">=R") -> 9 | V23: =U23 -> 9
A24: B.1.5 | B24: Hormigón sobrecimientos (G17) | C24: R7 | E24: R7 | G24: R7 | I24: R7 | K24: R5 | M24: R5 | O24: R5 | Q24: R7 | S24: R7 | U24: =COUNTIF(C24:T24,">=R") -> 9 | V24: =U24 -> 9
A25: B.1.6 | B25: Enfierradura | C25: R7 | E25: R7 | G25: R7 | I25: R7 | K25: R5 | M25: R5 | O25: R5 | Q25: R7 | S25: R7 | U25: =COUNTIF(C25:T25,">=R") -> 9 | V25: =U25 -> 9
A26: B.1.7 | B26: Moldajes | C26: R7 | E26: R7 | G26: R7 | I26: R7 | K26: R5 | M26: R5 | O26: R5 | Q26: R7 | S26: R7 | U26: =COUNTIF(C26:T26,">=R") -> 9 | V26: =U26 -> 9
A27: B.2 | B27: RADIER
A28: B.2.1 | B28: Base (Cama de ripio) e=0,08 mts | C28: R8 | E28: R8 | G28: R8 | I28: R7 | K28: R6 | M28: R6 | O28: R6 | Q28: R7 | S28: R7 | U28: =COUNTIF(C28:T28,">=R") -> 9 | V28: =U28 -> 9
A29: B.2.2 | B29: Hormigón (G15) | C29: R8 | E29: R8 | G29: R8 | I29: R7 | K29: R6 | M29: R6 | O29: R6 | Q29: R7 | S29: R7 | U29: =COUNTIF(C29:T29,">=R") -> 9 | V29: =U29 -> 9
A30: B.3 | B30: MUROS 1 piso
A31: B.3.3.1 | B31: Entramado Estructural | C31: R12 | E31: R12 | G31: R12 | I31: R12 | K31: R11 | M31: R11 | O31: R11 | Q31: R11 | S31: R11 | U31: =COUNTIF(C31:T31,">=R") -> 9 | V31: =U31 -> 9
A32: B.4 | B32: ESTRUCTURA HORIZONTAL (ENTREPISO)
A33: B.4.4.1 | B33: Madera | C33: R12 | E33: R12 | G33: R12 | I33: R12 | K33: R11 | M33: R11 | O33: R11 | Q33: R11 | S33: R11 | U33: =COUNTIF(C33:T33,">=R") -> 9 | V33: =U33 -> 9
A34: B.4.4.2 | B34: Terciado estructural (15mm) | C34: R12 | E34: R12 | G34: R12 | I34: R12 | K34: R11 | M34: R11 | O34: R11 | Q34: R11 | S34: R11 | U34: =COUNTIF(C34:T34,">=R") -> 9 | V34: =U34 -> 9
A35: B.5 | B35: MUROS 2 piso
A36: B.5.3.1 | B36: Entramado Estructural (2do P) | C36: R12 | E36: R12 | G36: R12 | I36: R12 | K36: R11 | M36: R11 | O36: R11 | Q36: R11 | S36: R11 | U36: =COUNTIF(C36:T36,">=R") -> 9 | V36: =U36 -> 9
A37: B.6 | B37: CUBIERTA
A38: B.6.1.1 | B38: Madera | C38: R12 | E38: R12 | G38: R12 | I38: R12 | K38: R26 | M38: R26 | O38: R26 | Q38: R11 | S38: R11 | U38: =COUNTIF(C38:T38,">=R") -> 9 | V38: =U38 -> 9
A39: B.6.2.1 | B39: Acero galvanizado (0.35mm) | C39: R12 | E39: R12 | G39: R12 | I39: R12 | K39: R26 | M39: R26 | O39: R26 | Q39: R11 | S39: R11 | U39: =COUNTIF(C39:T39,">=R") -> 9 | V39: =U39 -> 9
A40: B.6.3 | B40: Hojalatería
A41: B.6.3.1 | B41: Canales | U41: =COUNTIF(C41:T41,">=R") -> 0 | V41: =U41 -> 0
A42: B.6.3.2 | B42: Bajadas y Hojalaterias | U42: =COUNTIF(C42:T42,">=R") -> 0 | V42: =U42 -> 0
A43: B.6.EX.1 | B43: Caballete | C43: R12 | E43: R12 | G43: R12 | I43: R12 | K43: R12 | M43: R12 | O43: R12 | Q43: R12 | S43: R12 | U43: =COUNTIF(C43:T43,">=R") -> 9 | V43: =U43 -> 9
A44: B.6.EX.2 | B44: Esquineros | C44: R14 | E44: R14 | G44: R14 | I44: R14 | K44: R14 | M44: R14 | O44: R14 | Q44: R14 | S44: R14 | U44: =COUNTIF(C44:T44,">=R") -> 9 | V44: =U44 -> 9
A45: B.6.EX.3 | B45: Forro Terminal Alero | C45: R14 | E45: R14 | G45: R14 | I45: R14 | K45: R10 | M45: R10 | O45: R10 | Q45: R14 | S45: R14 | U45: =COUNTIF(C45:T45,">=R") -> 9 | V45: =U45 -> 9
A46: B.6.EX.4 | B46: Forro Cortagotera Sobrecimento | C46: R12 | E46: R12 | G46: R10 | I46: R10 | K46: R10 | M46: R10 | O46: R10 | Q46: R10 | S46: R10 | U46: =COUNTIF(C46:T46,">=R") -> 9 | V46: =U46 -> 9
A47: C.1 | B47: REVESTIMIENTOS MUROS Y TABIQUES
A48: C.1.1 | B48: Exterior
A49: C.1.1.2 | B49: Placas Smart Panel 11,1 mm tipo H | C49: R14 | E49: R14 | G49: R14 | I49: R14 | K49: R14 | M49: R14 | O49: R14 | Q49: R14 | S49: R14 | U49: =COUNTIF(C49:T49,">=R") -> 9 | V49: =U49 -> 9
A50: C.1.1.3 | B50: Placas de fibrocemento 4 mm | C50: R30 | E50: R30 | G50: R30 | I50: R30 | K50: R30 | M50: R30 | O50: R30 | Q50: R30 | S50: R30 | U50: =COUNTIF(C50:T50,">=R") -> 9 | V50: =U50 -> 9
A51: C.1.2 | B51: Interior zona seca | U51: =COUNTIF(C51:T51,">=R") -> 0 | V51: =U51 -> 0
A52: C.1.2.2.1 | B52: Yeso cartón 10 mm | C52: R29 | E52: R28 | G52: R29 | I52: R29 | K52: R26 | M52: R26 | O52: R26 | Q52: R26 | S52: R26 | U52: =COUNTIF(C52:T52,">=R") -> 9 | V52: =U52 -> 9
A53: C.1.2.2.2 | B53: Yeso cartón 15 mm (Adosamiento) | C53: R33 | E53: R33 | G53: R33 | I53: R33 | K53: R25 | M53: R25 | O53: R25 | Q53: R25 | S53: R25 | U53: =COUNTIF(C53:T53,">=R") -> 9 | V53: =U53 -> 9
A54: C.1.3 | B54: Interior zona húmeda | U54: =COUNTIF(C54:T54,">=R") -> 0 | V54: =U54 -> 0
A55: C.1.3.3 | B55: Fibrocemento 6 mm (Simplisima) | U55: =COUNTIF(C55:T55,">=R") -> 0 | V55: =U55 -> 0
A56: C.2 | B56: AISLACION TERMICA MUROS (INCLUYE BARRERAS DE HUMEDAD Y VAPOR)
A57: C.2.1.2 | B57: Aislacion sobrecimiento 40 mm 15 kg/m3 | C57: R25 | E57: R25 | G57: R25 | I57: R25 | K57: R25 | M57: R25 | O57: R25 | Q57: R25 | S57: R25 | U57: =COUNTIF(C57:T57,">=R") -> 9 | V57: =U57 -> 9
A58: C.2.1.3 | B58: Aislacion madera 4x4 | U58: =COUNTIF(C58:T58,">=R") -> 0 | V58: =U58 -> 0
A59: C.2.3.1 | B59: Lana de vidrio Muros Perimetrales 94 mm 11 kg/m3 | C59: R26 | E59: R26 | G59: R27 | I59: R21 | K59: R21 | M59: R21 | O59: R21 | Q59: R21 | S59: R21 | U59: =COUNTIF(C59:T59,">=R") -> 9 | V59: =U59 -> 9
A60: C.2.3.1.B | B60: Lana de vidrio 50 mm 11 kg/m3 | C60: R29 | E60: R29 | G60: R29 | I60: R30 | U60: =COUNTIF(C60:T60,">=R") -> 4 | V60: =U60 -> 4
A61: C.3 | B61: CIELO
A62: C.3.2 | B62: Estructura cielo falso
A63: C.3.2.1 | B63: Madera | C63: R12 | E63: R12 | G63: R12 | I63: R12 | K63: R11 | M63: R11 | O63: R10 | Q63: R10 | S63: R10 | U63: =COUNTIF(C63:T63,">=R") -> 9 | V63: =U63 -> 9
A64: C.3.3 | B64: Revestimiento zona seca
A65: C.3.3.1 | B65: Yeso cartón 10 mm | C65: R36 | E65: R36 | G65: R36 | I65: R36 | U65: =COUNTIF(C65:T65,">=R") -> 4 | V65: =U65 -> 4
A66: C.3.4 | B66: Revestimiento zona húmeda
A67: C.3.4.2 | B67: Yeso cartón 12.5 mm RH | C67: R36 | E67: R36 | G67: R36 | I67: R36 | K67: R26 | M67: R26 | O67: R26 | Q67: R26 | S67: R26 | U67: =COUNTIF(C67:T67,">=R") -> 9 | V67: =U67 -> 9
A68: C.4 | B68: AISLACIÓN TÉRMICA CUBIERTA
A69: C.4.3.1 | B69: Lana de vidrio 160 mm 11 kg/m3 | C69: R26 | E69: R26 | G69: R27 | I69: R21 | K69: R21 | M69: R21 | O69: R21 | Q69: R21 | S69: R21 | U69: =COUNTIF(C69:T69,">=R") -> 9 | V69: =U69 -> 9
A70: C.5 | B70: REVESTIMIENTO PISOS
A71: C.5.1.3 | B71: Cerámica Antideslizante (piso) | C71: R27 | E71: R27 | G71: R27 | I71: R27 | K71: R28 | M71: R28 | S71: R29 | U71: =COUNTIF(C71:T71,">=R") -> 7 | V71: =U71 -> 7
A72: C.5.4 | B72: Piso Flotante 6mm | C72: R32 | E72: R32 | G72: R34 | I72: R33 | K72: R33 | M72: R33 | O72: R33 | Q72: R31 | S72: R31 | U72: =COUNTIF(C72:T72,">=R") -> 9 | V72: =U72 -> 9
A73: C.7 | B73: ESCALERA INTERIOR
A74: C.7.1 | B74: Escalera (estructura, peldaños, baranda y pasamanos) | C74: R31 | E74: R31 | G74: R34 | I74: R34 | K74: R34 | M74: R34 | O74: R34 | Q74: R31 | S74: R31 | U74: =COUNTIF(C74:T74,">=R") -> 9 | V74: =U74 -> 9
A75: C.8 | B75: ALEROS Y FRONTONES
A76: C.8.1.1 | B76: Madera Frontones y Aleros | C76: R14 | E76: R14 | G76: R14 | I76: R14 | K76: R14 | M76: R14 | O76: R25 | Q76: R16 | S76: R16 | U76: =COUNTIF(C76:T76,">=R") -> 9 | V76: =U76 -> 9
A77: C.8.2 | B77: Revestimiento | U77: =COUNTIF(C77:T77,">=R") -> 0 | V77: =U77 -> 0
A78: C.8.2.3 | B78: Madera placas frontones smart panel H 11.1mm | C78: R14 | E78: R14 | G78: R14 | I78: R14 | K78: R14 | M78: R14 | O78: R21 | Q78: R16 | S78: R16 | U78: =COUNTIF(C78:T78,">=R") -> 9 | V78: =U78 -> 9
A79: C.8.3 | B79: Rejillas de ventilacion | U79: =COUNTIF(C79:T79,">=R") -> 0 | V79: =U79 -> 0
A80: C.8.3.1 | B80: Rejilla de ventilacion adicional (Cocina) | U80: =COUNTIF(C80:T80,">=R") -> 0 | V80: =U80 -> 0
A81: C.8.4 | B81: Tapacan (Smart Panel) | C81: R14 | E81: R14 | G81: R14 | I81: R14 | K81: R14 | M81: R14 | O81: R25 | Q81: R21 | S81: R21 | U81: =COUNTIF(C81:T81,">=R") -> 9 | V81: =U81 -> 9
A82: C.8.5.1 | B82: Fibrocemento 4 mm (Rev. Alero) | C82: R14 | E82: R14 | G82: R14 | I82: R14 | K82: R14 | M82: R14 | O82: R25 | Q82: R16 | S82: R16 | U82: =COUNTIF(C82:T82,">=R") -> 9 | V82: =U82 -> 9
A83: C.9 | B83: PUERTAS Y VENTANAS
A84: C.9.1 | B84: Marcos
A85: C.9.1.1 | B85: Madera | C85: R32 | E85: R32 | G85: R34 | I85: R34 | K85: R34 | M85: R34 | O85: R34 | Q85: R31 | S85: R31 | U85: =COUNTIF(C85:T85,">=R") -> 9 | V85: =U85 -> 9
A86: C.9.2 | B86: Puertas interiores
A87: C.9.2.1 | B87: Puerta ancho 70 | C87: R32 | E87: R32 | G87: R34 | I87: R34 | K87: R34 | M87: R34 | O87: R34 | Q87: R31 | S87: R31 | U87: =COUNTIF(C87:T87,">=R") -> 9 | V87: =U87 -> 9
A88: C.9.2.4 | B88: Puerta ancho 85 | U88: =COUNTIF(C88:T88,">=R") -> 0 | V88: =U88 -> 0
A89: C.9.3 | B89: Puerta exteriores
A90: C.9.3.1 | B90: Puerta ancho 80 (Metalica) | C90: R34 | E90: R29 | G90: R34 | I90: R29 | K90: R34 | M90: R34 | O90: R34 | Q90: R34 | S90: R34 | U90: =COUNTIF(C90:T90,">=R") -> 9 | V90: =U90 -> 9
A91: C.9.3.2 | B91: Puerta ancho 85 (Metalica) | C91: R34 | E91: R29 | G91: R34 | I91: R29 | K91: R34 | M91: R34 | O91: R34 | Q91: R34 | S91: R34 | U91: =COUNTIF(C91:T91,">=R") -> 9 | V91: =U91 -> 9
A92: C.9.4 | B92: Quincallería (incluye chapas, perillas, bisagras y topes)
A93: C.9.4.1 | B93: Puerta principal | C93: R32 | E93: R32 | G93: R34 | I93: R34 | K93: R34 | M93: R34 | O93: R34 | Q93: R32 | S93: R32 | U93: =COUNTIF(C93:T93,">=R") -> 9 | V93: =U93 -> 9
A94: C.9.4.2 | B94: Baño | C94: R32 | E94: R32 | G94: R34 | I94: R34 | K94: R34 | M94: R34 | O94: R34 | Q94: R32 | S94: R32 | U94: =COUNTIF(C94:T94,">=R") -> 9 | V94: =U94 -> 9
A95: C.9.4.3 | B95: Interior | C95: R32 | E95: R32 | G95: R34 | I95: R34 | K95: R34 | M95: R34 | O95: R34 | Q95: R31 | S95: R31 | U95: =COUNTIF(C95:T95,">=R") -> 9 | V95: =U95 -> 9
A96: C.9.4.4 | B96: Exterior cocina | C96: R32 | E96: R32 | G96: R34 | I96: R34 | K96: R34 | M96: R34 | O96: R34 | Q96: R34 | S96: R34 | U96: =COUNTIF(C96:T96,">=R") -> 9 | V96: =U96 -> 9
A97: C.9.5 | B97: Ventanas (incluye quincallería)
A98: C.9.5.2 | B98: PVC TERMOPANEL | C98: R33 | E98: R14 | G98: R10 | I98: R10 | K98: R9 | M98: R10 | O98: R10 | Q98: R10 | S98: R11 | U98: =COUNTIF(C98:T98,">=R") -> 9 | V98: =U98 -> 9
A99: C.10 | B99: MOLDURAS
A100: C.10.1 | B100: Guardapolvos | C100: R32 | E100: R32 | G100: R34 | I100: R34 | K100: R34 | M100: R34 | O100: R34 | Q100: R31 | S100: R31 | U100: =COUNTIF(C100:T100,">=R") -> 9 | V100: =U100 -> 9
A101: C.10.2 | B101: Cornisas | C101: R32 | E101: R32 | G101: R34 | I101: R34 | K101: R34 | M101: R34 | O101: R34 | Q101: R31 | S101: R31 | U101: =COUNTIF(C101:T101,">=R") -> 9 | V101: =U101 -> 9
A102: C.11 | B102: PINTURAS
A103: C.11.1 | B103: Óleo | C103: R37 | E103: R37 | G103: R37 | I103: R37 | K103: R37 | M103: R37 | O103: R37 | Q103: R37 | S103: R37 | U103: =COUNTIF(C103:T103,">=R") -> 9 | V103: =U103 -> 9
...

Sheet MANZ.I
B1: SERVIU REGION DE LA ARAUCANIA | C1: CUADRO RESUMEN DE CONTROL RECEPCIONADO
A4: OBRA | B4: CAMPOS DEL SUR II | C4: FECHA | G4: 46037 | J4: R4 | K4: 45814 | N4: R14 | O4: 45891 | R4: R25 | S4: 45968 | V4: R35 | W4: 46038
A5: COMUNA | B5: RENAICO | J5: R5 | K5: 45821 | N5: R15 | O5: 45898 | R5: R26 | S5: 45975 | V5: R36 | W5: 46045
A6: CONTRATISTA | B6: CONSTRUCTORA CIMOL S.P.A | J6: R6 | K6: 45827 | N6: R16 | O6: 45905 | R6: R27 | S6: 45982 | V6: R37 | W6: 46052
A7: RESIDENTE DE OBRA | B7: EDGAR MORALES ALARCON | J7: R7 | K7: 45835 | N7: R17 | O7: 45912 | R7: R28 | S7: 45989
A8: AUTOCONTROL | B8: MICHEL BERGER HUICHANAO | J8: R8 | K8: 45842 | N8: R18 | O8: 45916 | R8: R29 | S8: 45996
A9: E.P. | B9: PLAN SOCIAL | J9: R9 | K9: 45849 | N9: R20 | O9: 45933 | R9: R30 | S9: 46003
A10: S.A.T. | B10: OBED CEA LONCONADO | C10: VERSION | G10: 1.0 | J10: R10 | K10: 45855 | N10: R21 | O10: 45940 | R10: R31 | S10: 46010
A11: F.T.O. | B11: MAURICIO DIAZ BARRA | J11: R11 | K11: 45863 | N11: R22 | O11: 45947 | R11: R32 | S11: 46015
A12: CODIGO | B12: 182948 | J12: R12 | K12: 45870 | N12: R23 | O12: 45954 | R12: R33 | S12: 46022
J13: R13 | K13: 45883 | N13: R24 | O13: 45960 | R13: R34 | S13: 46031
A15: ITEM | B15: DESIGNACIÓN | C15: UBICACIÓN
C16: VIVIENDA LOTE Nº | U16: MANZANA : | AA16: I
C17: 1 | E17: 2 | G17: 3 | I17: 4 | K17: 5 | M17: 6 | O17: 7 | Q17: 8 | S17: 9 | U17: 10 | W17: 11 | Y17: 12 | AA17: T. REV | AB17: TOTAL
A18: B | B18: OBRA GRUESA | C18: AT | D18: RV | E18: AT | F18: RV | G18: AT | H18: RV | I18: AT | J18: RV | K18: AT | L18: RV | M18: AT | N18: RV | O18: AT | P18: RV | Q18: AT | R18: RV | S18: AT | T18: RV | U18: AT | V18: RV | W18: AT | X18: RV | Y18: AT | Z18: RV
A19: B.1 | B19: FUNDACIONES
A20: B.1.1 | B20: Replanteo, trazado y niveles | C20: R5 | E20: R5 | G20: R5 | I20: R5 | K20: R4 | M20: R4 | O20: R4 | Q20: R5 | S20: R5 | U20: R5 | W20: R5 | Y20: R5 | AA20: =COUNTIF(C20:Z20,">=R") -> 12 | AB20: =AA20 -> 12
A21: B.1.2 | B21: Excavación | C21: R6 | E21: R6 | G21: R26 | I21: R26 | K21: R4 | M21: R4 | O21: R4 | Q21: R25 | S21: R5 | U21: R5 | W21: R5 | Y21: R5 | AA21: =COUNTIF(C21:Z21,">=R") -> 12 | AB21: =AA21 -> 12
A22: B.1.3 | B22: Emplantillado (G5) | C22: R6 | E22: R6 | G22: R7 | I22: R7 | K22: R5 | M22: R5 | O22: R5 | Q22: R25 | S22: R6 | U22: R6 | W22: R6 | Y22: R6 | AA22: =COUNTIF(C22:Z22,">=R") -> 12 | AB22: =AA22 -> 12
A23: B.1.4 | B23: Hormigón cimientos (G10) | C23: R6 | E23: R6 | G23: R7 | I23: R7 | K23: R5 | M23: R5 | O23: R5 | Q23: R26 | S23: R6 | U23: R6 | W23: R6 | Y23: R6 | AA23: =COUNTIF(C23:Z23,">=R") -> 12 | AB23: =AA23 -> 12
A24: B.1.5 | B24: Hormigón sobrecimientos (G17) | C24: R8 | E24: R8 | G24: R9 | I24: R9 | K24: R5 | M24: R5 | O24: R7 | Q24: R16 | S24: R9 | U24: R8 | W24: R11 | Y24: R11 | AA24: =COUNTIF(C24:Z24,">=R") -> 12 | AB24: =AA24 -> 12
A25: B.1.6 | B25: Enfierradura | C25: R8 | E25: R8 | G25: R9 | I25: R9 | K25: R5 | M25: R5 | O25: R7 | Q25: R16 | S25: R9 | U25: R8 | W25: R7 | Y25: R7 | AA25: =COUNTIF(C25:Z25,">=R") -> 12 | AB25: =AA25 -> 12
A26: B.1.7 | B26: Moldajes | C26: R8 | E26: R8 | G26: R9 | I26: R9 | K26: R5 | M26: R5 | O26: R7 | Q26: R16 | S26: R9 | U26: R8 | W26: R7 | Y26: R7 | AA26: =COUNTIF(C26:Z26,">=R") -> 12 | AB26: =AA26 -> 12
A27: B.2 | B27: RADIER
A28: B.2.1 | B28: Base (Cama de ripio) e=0,08 mts | C28: R8 | E28: R8 | G28: R9 | I28: R9 | K28: R5 | M28: R5 | O28: R8 | Q28: R16 | S28: R9 | U28: R8 | W28: R8 | Y28: R8 | AA28: =COUNTIF(C28:Z28,">=R") -> 12 | AB28: =AA28 -> 12
A29: B.2.2 | B29: Hormigón (G15) | C29: R8 | E29: R8 | G29: R9 | I29: R9 | K29: R5 | M29: R5 | O29: R8 | Q29: R16 | S29: R9 | U29: R8 | W29: R8 | Y29: R8 | AA29: =COUNTIF(C29:Z29,">=R") -> 12 | AB29: =AA29 -> 12
A30: B.3 | B30: MUROS 1 piso
A31: B.3.3.1 | B31: Entramado Estructural | C31: R25 | E31: R15 | G31: R15 | I31: R15 | K31: R11 | M31: R11 | O31: R11 | Q31: R26 | S31: R15 | U31: R15 | W31: R15 | Y31: R15 | AA31: =COUNTIF(C31:Z31,">=R") -> 12 | AB31: =AA31 -> 12
A32: B.4 | B32: ESTRUCTURA HORIZONTAL (ENTREPISO)
A33: B.4.4.1 | B33: Madera | E33: R15 | G33: R15 | I33: R15 | K33: R11 | M33: R11 | O33: R11 | S33: R15 | U33: R15 | W33: R15 | Y33: R15 | AA33: =COUNTIF(C33:Z33,">=R") -> 10 | AB33: =AA33 -> 10
A34: B.4.4.2 | B34: Terciado estructural (15mm) | E34: R15 | G34: R15 | I34: R15 | K34: R11 | M34: R11 | O34: R11 | S34: R15 | U34: R15 | W34: R15 | Y34: R15 | AA34: =COUNTIF(C34:Z34,">=R") -> 10 | AB34: =AA34 -> 10
A35: B.5 | B35: MUROS 2 piso
A36: B.5.3.1 | B36: Entramado Estructural (2do P) | E36: R15 | G36: R15 | I36: R15 | K36: R11 | M36: R11 | O36: R11 | S36: R15 | U36: R15 | W36: R15 | Y36: R15 | AA36: =COUNTIF(C36:Z36,">=R") -> 10 | AB36: =AA36 -> 10
A37: B.6 | B37: CUBIERTA
A38: B.6.1.1 | B38: Madera | C38: R29 | E38: R15 | G38: R15 | I38: R15 | K38: R11 | M38: R11 | O38: R11 | Q38: R29 | S38: R15 | U38: R15 | W38: R15 | Y38: R15 | AA38: =COUNTIF(C38:Z38,">=R") -> 12 | AB38: =AA38 -> 12
A39: B.6.2.1 | B39: Acero galvanizado (0.35mm) | C39: R31 | E39: R15 | G39: R15 | I39: R15 | K39: R10 | M39: R10 | O39: R10 | Q39: R34 | S39: R15 | U39: R15 | W39: R12 | Y39: R12 | AA39: =COUNTIF(C39:Z39,">=R") -> 12 | AB39: =AA39 -> 12
A40: B.6.3 | B40: Hojalatería
A41: B.6.3.1 | B41: Canales | AA41: =COUNTIF(C41:Z41,">=R") -> 0 | AB41: =AA41 -> 0
A42: B.6.3.2 | B42: Bajadas y Hojalaterias | AA42: =COUNTIF(C42:Z42,">=R") -> 0 | AB42: =AA42 -> 0
A43: B.6.EX.1 | B43: Caballete | K43: R10 | M43: R10 | O43: R10 | Q43: R34 | AA43: =COUNTIF(C43:Z43,">=R") -> 4 | AB43: =AA43 -> 4
A44: B.6.EX.2 | B44: Esquineros | C44: R37 | E44: R15 | G44: R15 | I44: R15 | K44: R15 | M44: R15 | O44: R15 | S44: R15 | U44: R15 | W44: R15 | Y44: R15 | AA44: =COUNTIF(C44:Z44,">=R") -> 11 | AB44: =AA44 -> 11
A45: B.6.EX.3 | B45: Forro Terminal Alero | C45: R37 | E45: R15 | G45: R15 | I45: R15 | K45: R15 | M45: R15 | O45: R15 | S45: R15 | U45: R15 | W45: R15 | Y45: R15 | AA45: =COUNTIF(C45:Z45,">=R") -> 11 | AB45: =AA45 -> 11
A46: B.6.EX.4 | B46: Forro Cortagotera Sobrecimento | C46: R37 | E46: R15 | G46: R15 | I46: R15 | K46: R26 | M46: R10 | O46: R10 | S46: R15 | U46: R15 | W46: R15 | Y46: R15 | AA46: =COUNTIF(C46:Z46,">=R") -> 11 | AB46: =AA46 -> 11
A47: C.1 | B47: REVESTIMIENTOS MUROS Y TABIQUES
A48: C.1.1 | B48: Exterior
A49: C.1.1.2 | B49: Placas Smart Panel 11,1 mm tipo H | C49: R31 | E49: R16 | G49: R16 | I49: R16 | K49: R16 | M49: R16 | O49: R16 | S49: R16 | U49: R16 | W49: R16 | Y49: R16 | AA49: =COUNTIF(C49:Z49,">=R") -> 11 | AB49: =AA49 -> 11
A50: C.1.1.3 | B50: Placas de fibrocemento 4 mm | E50: R30 | G50: R30 | I50: R30 | K50: R30 | L50: 0 | M50: R30 | O50: R30 | S50: R30 | U50: R30 | W50: R30 | Y50: R30 | AA50: =COUNTIF(C50:Z50,">=R") -> 10 | AB50: =AA50 -> 10
A51: C.1.2 | B51: Interior zona seca
A52: C.1.2.2.1 | B52: Yeso cartón 10 mm | E52: R23 | G52: R23 | I52: R22 | K52: R22 | M52: R22 | O52: R22 | S52: R22 | U52: R23 | W52: R23 | Y52: R23 | AA52: =COUNTIF(C52:Z52,">=R") -> 10 | AB52: =AA52 -> 10
A53: C.1.2.2.2 | B53: Yeso cartón 15 mm (Adosamiento) | E53: R22 | G53: R22 | I53: R22 | K53: R22 | M53: R22 | O53: R22 | S53: R22 | U53: R22 | W53: R22 | Y53: R22 | AA53: =COUNTIF(C53:Z53,">=R") -> 10 | AB53: =AA53 -> 10
A54: C.1.3 | B54: Interior zona húmeda | AA54: =COUNTIF(C54:Z54,">=R") -> 0 | AB54: =AA54 -> 0
A55: C.1.3.3 | B55: Fibrocemento 6 mm (Simplisima) | E55: R24 | G55: R24 | I55: R24 | K55: R24 | M55: R24 | O55: R24 | U55: R24 | W55: R24 | Y55: R24 | AA55: =COUNTIF(C55:Z55,">=R") -> 9 | AB55: =AA55 -> 9
A56: C.2 | B56: AISLACION TERMICA MUROS (INCLUYE BARRERAS DE HUMEDAD Y VAPOR)
A57: C.2.1.2 | B57: Aislacion sobrecimiento 40 mm 15 kg/m3 | E57: R25 | G57: R25 | I57: R25 | K57: R25 | M57: R25 | O57: R25 | S57: R25 | U57: R25 | W57: R25 | Y57: R25 | AA57: =COUNTIF(C57:Z57,">=R") -> 10 | AB57: =AA57 -> 10
A58: C.2.1.3 | B58: Aislacion madera 4x4 | AA58: =COUNTIF(C58:Z58,">=R") -> 0 | AB58: =AA58 -> 0
A59: C.2.3.1 | B59: Lana de vidrio Muros Perimetrales 94 mm 11 kg/m3 | E59: R20 | G59: R21 | I59: R20 | K59: R20 | M59: R20 | O59: R20 | S59: R20 | U59: R20 | W59: R20 | Y59: R21 | AA59: =COUNTIF(C59:Z59,">=R") -> 10 | AB59: =AA59 -> 10
A60: C.2.3.1.B | B60: Lana de vidrio 50 mm 11 kg/m3 | Y60: R25 | AA60: =COUNTIF(C60:Z60,">=R") -> 1 | AB60: =AA60 -> 1
A61: C.3 | B61: CIELO
A62: C.3.2 | B62: Estructura cielo falso
A63: C.3.2.1 | B63: Madera | C63: R34 | E63: R14 | G63: R14 | I63: R14 | K63: R14 | M63: R14 | O63: R14 | Q63: R34 | S63: R14 | U63: R14 | W63: R14 | Y63: R14 | AA63: =COUNTIF(C63:Z63,">=R") -> 12 | AB63: =AA63 -> 12
A64: C.3.3 | B64: Revestimiento zona seca
A65: C.3.3.1 | B65: Yeso cartón 10 mm | E65: R24 | G65: R23 | I65: R22 | K65: R22 | M65: R22 | O65: R22 | S65: R22 | U65: R23 | W65: R23 | Y65: R24 | AA65: =COUNTIF(C65:Z65,">=R") -> 10 | AB65: =AA65 -> 10
A66: C.3.4 | B66: Revestimiento zona húmeda
A67: C.3.4.2 | B67: Yeso cartón 12.5 mm RH | E67: R24 | G67: R24 | I67: R22 | K67: R22 | M67: R22 | O67: R22 | S67: R24 | U67: R24 | W67: R24 | Y67: R24 | AA67: =COUNTIF(C67:Z67,">=R") -> 10 | AB67: =AA67 -> 10
A68: C.4 | B68: AISLACIÓN TÉRMICA CUBIERTA
A69: C.4.3.1 | B69: Lana de vidrio 160 mm 11 kg/m3 | E69: R20 | G69: R21 | I69: R20 | K69: R20 | M69: R20 | O69: R20 | S69: R20 | U69: R20 | W69: R20 | Y69: R21 | AA69: =COUNTIF(C69:Z69,">=R") -> 10 | AB69: =AA69 -> 10
A70: C.5 | B70: REVESTIMIENTO PISOS
A71: C.5.1.3 | B71: Cerámica Antideslizante (piso) | E71: R31 | G71: R31 | I71: R31 | K71: R29 | M71: R31 | O71: R31 | S71: R31 | U71: R31 | W71: R31 | Y71: R31 | AA71: =COUNTIF(C71:Z71,">=R") -> 10 | AB71: =AA71 -> 10
A72: C.5.4 | B72: Piso Flotante 6mm | E72: R34 | G72: R34 | I72: R35 | K72: R35 | M72: R35 | O72: R35 | S72: R35 | U72: R35 | W72: R36 | Y72: R35 | AA72: =COUNTIF(C72:Z72,">=R") -> 10 | AB72: =AA72 -> 10
A73: C.7 | B73: ESCALERA INTERIOR
A74: C.7.1 | B74: Escalera (estructura, peldaños, baranda y pasamanos) | E74: R36 | G74: R36 | I74: R36 | K74: R36 | M74: R36 | O74: R36 | S74: R36 | U74: R36 | W74: R36 | Y74: R36 | AA74: =COUNTIF(C74:Z74,">=R") -> 10 | AB74: =AA74 -> 10
A75: C.8 | B75: ALEROS Y FRONTONES
A76: C.8.1.1 | B76: Madera Frontones y Aleros | C76: R31 | E76: R16 | G76: R16 | I76: R16 | K76: R16 | M76: R16 | O76: R16 | S76: R16 | U76: R16 | W76: R16 | Y76: R16 | AA76: =COUNTIF(C76:Z76,">=R") -> 11 | AB76: =AA76 -> 11
A77: C.8.2 | B77: Revestimiento | AA77: =COUNTIF(C77:Z77,">=R") -> 0 | AB77: =AA77 -> 0
A78: C.8.2.3 | B78: Madera placas frontones smart panel H 11.1mm | C78: R31 | E78: R16 | G78: R16 | I78: R16 | K78: R16 | M78: R16 | O78: R16 | S78: R16 | U78: R16 | W78: R16 | Y78: R16 | AA78: =COUNTIF(C78:Z78,">=R") -> 11 | AB78: =AA78 -> 11
A79: C.8.3 | B79: Rejillas de ventilacion | AA79: =COUNTIF(C79:Z79,">=R") -> 0 | AB79: =AA79 -> 0
A80: C.8.3.1 | B80: Rejilla de ventilacion adicional (Cocina) | AA80: =COUNTIF(C80:Z80,">=R") -> 0 | AB80: =AA80 -> 0
A81: C.8.4 | B81: Tapacan (Smart Panel) | C81: R31 | E81: R21 | G81: R21 | I81: R21 | K81: R21 | M81: R21 | O81: R21 | S81: R21 | U81: R21 | W81: R21 | Y81: R21 | AA81: =COUNTIF(C81:Z81,">=R") -> 11 | AB81: =AA81 -> 11
A82: C.8.5.1 | B82: Fibrocemento 4 mm (Rev. Alero) | C82: R31 | E82: R16 | G82: R16 | I82: R16 | K82: R16 | M82: R16 | O82: R16 | S82: R16 | U82: R16 | W82: R16 | Y82: R16 | AA82: =COUNTIF(C82:Z82,">=R") -> 11 | AB82: =AA82 -> 11
A83: C.9 | B83: PUERTAS Y VENTANAS
A84: C.9.1 | B84: Marcos
A85: C.9.1.1 | B85: Madera | M85: R35 | O85: R35 | S85: R35 | AA85: =COUNTIF(C85:Z85,">=R") -> 3 | AB85: =AA85 -> 3
A86: C.9.2 | B86: Puertas interiores
A87: C.9.2.1 | B87: Puerta ancho 70 | M87: R35 | O87: R35 | S87: R35 | AA87: =COUNTIF(C87:Z87,">=R") -> 3 | AB87: =AA87 -> 3
A88: C.9.2.4 | B88: Puerta ancho 85 | AA88: =COUNTIF(C88:Z88,">=R") -> 0 | AB88: =AA88 -> 0
A89: C.9.3 | B89: Puerta exteriores
A90: C.9.3.1 | B90: Puerta ancho 80 (Metalica) | E90: R29 | G90: R34 | I90: R34 | K90: R34 | M90: R34 | O90: R34 | S90: R29 | U90: R29 | W90: R29 | Y90: R29 | AA90: =COUNTIF(C90:Z90,">=R") -> 10 | AB90: =AA90 -> 10
A91: C.9.3.2 | B91: Puerta ancho 85 (Metalica) | E91: R29 | G91: R34 | I91: R34 | K91: R34 | M91: R34 | O91: R34 | S91: R29 | U91: R29 | W91: R29 | Y91: R29 | AA91: =COUNTIF(C91:Z91,">=R") -> 10 | AB91: =AA91 -> 10
A92: C.9.4 | B92: Quincallería (incluye chapas, perillas, bisagras y topes)
A93: C.9.4.1 | B93: Puerta principal | I93: R34 | K93: R34 | M93: R35 | O93: R34 | S93: R35 | AA93: =COUNTIF(C93:Z93,">=R") -> 5 | AB93: =AA93 -> 5
A94: C.9.4.2 | B94: Baño | M94: R35 | O94: R35 | S94: R35 | AA94: =COUNTIF(C94:Z94,">=R") -> 3 | AB94: =AA94 -> 3
A95: C.9.4.3 | B95: Interior | M95: R35 | O95: R35 | S95: R35 | AA95: =COUNTIF(C95:Z95,">=R") -> 3 | AB95: =AA95 -> 3
A96: C.9.4.4 | B96: Exterior cocina | I96: R34 | K96: R34 | M96: R35 | O96: R34 | S96: R35 | AA96: =COUNTIF(C96:Z96,">=R") -> 5 | AB96: =AA96 -> 5
A97: C.9.5 | B97: Ventanas (incluye quincallería)
A98: C.9.5.2 | B98: PVC TERMOPANEL | E98: R9 | G98: R15 | I98: R15 | K98: R9 | M98: R9 | O98: R9 | S98: R15 | U98: R15 | W98: R15 | Y98: R15 | AA98: =COUNTIF(C98:Z98,">=R") -> 10 | AB98: =AA98 -> 10
A99: C.10 | B99: MOLDURAS
A100: C.10.1 | B100: Guardapolvos | AA100: =COUNTIF(C100:Z100,">=R") -> 0 | AB100: =AA100 -> 0
A101: C.10.2 | B101: Cornisas | AA101: =COUNTIF(C101:Z101,">=R") -> 0 | AB101: =AA101 -> 0
A102: C.11 | B102: PINTURAS
A103: C.11.1 | B103: Óleo | AA103: =COUNTIF(C103:Z103,">=R") -> 0 | AB103: =AA103 -> 0
...

Sheet MANZ.J
B3: SERVIU REGION DE LA ARAUCANIA | C3: CUADRO RESUMEN DE CONTROL RECEPCIONADO
B6: SERVIU REGION DE LA ARAUCANIA | C6: CUADRO RESUMEN DE CONTROL RECEPCIONADO
A9: OBRA | B9: CAMPOS DEL SUR II | C9: FECHA | G9: 46037 | J9: R14 | K9: 45891 | N9: R22 | O9: 45947 | R9: R31 | S9: 46010
A10: COMUNA | B10: RENAICO | J10: R15 | K10: 45898 | N10: R23 | O10: 45954 | R10: R32 | S10: 46015
A11: CONTRATISTA | B11: CONSTRUCTORA CIMOL S.P.A | J11: R16 | K11: 45905 | N11: R24 | O11: 45960 | R11: R33 | S11: 46022
A12: RESIDENTE DE OBRA | B12: EDGAR MORALES ALARCON | J12: R17 | K12: 45912 | N12: R25 | O12: 45968 | R12: R34 | S12: 46031
A13: AUTOCONTROL | B13: MICHEL BERGER HUICHANAO | J13: R18 | K13: 45916 | N13: R26 | O13: 45975 | R13: R35 | S13: 46038
A14: E.P. | B14: PLAN SOCIAL | J14: R19 | K14: 45926 | N14: R27 | O14: 45982 | R14: R36 | S14: 46045
A15: S.A.T. | B15: OBED CEA LONCONADO | J15: R20 | K15: 45933 | N15: R28 | O15: 45989 | R15: R37 | S15: 46052
A16: F.T.O. | B16: MAURICIO DIAZ BARRA | J16: R21 | K16: 45939 | N16: R29 | O16: 45996
A17: CODIGO | B17: 182948 | N17: R30 | O17: 46003
A18: ITEM | B18: DESIGNACIÓN | C18: UBICACIÓN
C19: VIVIENDA LOTE Nº | AD19: MANZANA : | AJ19: J
C20: 1 | E20: 2 | G20: 3 | I20: 4 | K20: 5 | M20: 6 | O20: 7 | Q20: 8 | S20: 9 | U20: 10 | W20: 11 | Y20: 12 | AA20: 13 | AC20: 14 | AE20: 15 | AG20: 16 | AI20: 17 | AK20: 18 | AM20: 19 | AO20: 20 | AQ20: 21 | AS20: T. REV | AT20: TOTAL
A21: B | B21: OBRA GRUESA | C21: AT | D21: RV | E21: AT | F21: RV | G21: AT | H21: RV | I21: AT | J21: RV | K21: AT | L21: RV | M21: AT | N21: RV | O21: AT | P21: RV | Q21: AT | R21: RV | S21: AT | T21: RV | U21: AT | V21: RV | W21: AT | X21: RV | Y21: AT | Z21: RV | AA21: AT | AB21: RV | AC21: AT | AD21: RV | AE21: AT | AF21: RV | AG21: AT | AH21: RV | AI21: AT | AJ21: RV | AK21: AT | AL21: RV | AM21: AT | AN21: RV | AO21: AT | AP21: RV | AQ21: AT | AR21: RV
A22: B.1 | B22: FUNDACIONES
A23: B.1.1 | B23: Replanteo, trazado y niveles | C23: R17 | E23: R17 | G23: R17 | I23: R17 | K23: R17 | M23: R17 | O23: R17 | Q23: R17 | S23: R17 | U23: R18 | W23: R18 | Y23: R18 | AA23: R18 | AC23: R21 | AE23: R21 | AG23: R21 | AI23: R25 | AK23: R14 | AM23: R14 | AO23: R14 | AQ23: R14 | AS23: =COUNTIF(C23:AR23,">=R") -> 21 | AT23: =AS23 -> 21
A24: B.1.2 | B24: Excavación | C24: R17 | E24: R17 | G24: R17 | I24: R17 | K24: R18 | M24: R18 | O24: R18 | Q24: R19 | S24: R19 | U24: R19 | W24: R20 | Y24: R20 | AA24: R20 | AC24: R21 | AE24: R21 | AG24: R21 | AI24: R25 | AK24: R14 | AM24: R14 | AO24: R14 | AQ24: R14 | AS24: =COUNTIF(C24:AR24,">=R") -> 21 | AT24: =AS24 -> 21
A25: B.1.3 | B25: Emplantillado (G5) | C25: R17 | E25: R17 | G25: R17 | I25: R19 | K25: R19 | M25: R19 | O25: R19 | Q25: R19 | S25: R19 | U25: R19 | W25: R20 | Y25: R20 | AA25: R20 | AC25: R21 | AE25: R21 | AG25: R21 | AI25: R25 | AK25: R26 | AM25: R26 | AO25: R15 | AQ25: R15 | AS25: =COUNTIF(C25:AR25,">=R") -> 21 | AT25: =AS25 -> 21
A26: B.1.4 | B26: Hormigón cimientos (G10) | C26: R17 | E26: R17 | G26: R17 | I26: R19 | K26: R19 | M26: R19 | O26: R19 | Q26: R19 | S26: R19 | U26: R19 | W26: R20 | Y26: R20 | AA26: R20 | AC26: R21 | AE26: R21 | AG26: R21 | AI26: R25 | AK26: R26 | AM26: R26 | AO26: R15 | AQ26: R15 | AS26: =COUNTIF(C26:AR26,">=R") -> 21 | AT26: =AS26 -> 21
A27: B.1.5 | B27: Hormigón sobrecimientos (G17) | C27: R19 | E27: R19 | G27: R19 | I27: R19 | K27: R20 | M27: R20 | O27: R20 | Q27: R20 | S27: R20 | U27: R20 | W27: R20 | Y27: R21 | AA27: R21 | AC27: R21 | AE27: R26 | AG27: R23 | AI27: R23 | AK27: R21 | AM27: R16 | AO27: R16 | AQ27: R16 | AS27: =COUNTIF(C27:AR27,">=R") -> 21 | AT27: =AS27 -> 21
A28: B.1.6 | B28: Enfierradura | C28: R19 | E28: R19 | G28: R19 | I28: R19 | K28: R20 | M28: R20 | O28: R20 | Q28: R20 | S28: R20 | U28: R20 | W28: R20 | Y28: R21 | AA28: R21 | AC28: R21 | AE28: R26 | AG28: R23 | AI28: R23 | AK28: R21 | AM28: R16 | AO28: R16 | AQ28: R16 | AS28: =COUNTIF(C28:AR28,">=R") -> 21 | AT28: =AS28 -> 21
A29: B.1.7 | B29: Moldajes | C29: R19 | E29: R19 | G29: R19 | I29: R19 | K29: R20 | M29: R20 | O29: R20 | Q29: R20 | S29: R20 | U29: R20 | W29: R20 | Y29: R21 | AA29: R21 | AC29: R21 | AE29: R26 | AG29: R23 | AI29: R23 | AK29: R21 | AM29: R16 | AO29: R16 | AQ29: R16 | AS29: =COUNTIF(C29:AR29,">=R") -> 21 | AT29: =AS29 -> 21
A30: B.2 | B30: RADIER
A31: B.2.1 | B31: Base (Cama de ripio) e=0,08 mts | C31: R19 | E31: R19 | G31: R19 | I31: R19 | K31: R20 | M31: R20 | O31: R20 | Q31: R20 | S31: R20 | U31: R20 | W31: R20 | Y31: R21 | AA31: R21 | AC31: R21 | AE31: R26 | AG31: R23 | AI31: R23 | AK31: R21 | AM31: R16 | AO31: R16 | AQ31: R16 | AS31: =COUNTIF(C31:AR31,">=R") -> 21 | AT31: =AS31 -> 21
A32: B.2.2 | B32: Hormigón (G15) | C32: R19 | E32: R19 | G32: R19 | I32: R19 | K32: R20 | M32: R20 | O32: R20 | Q32: R20 | S32: R20 | U32: R20 | W32: R20 | Y32: R21 | AA32: R21 | AC32: R21 | AE32: R26 | AG32: R23 | AI32: R23 | AK32: R21 | AM32: R16 | AO32: R16 | AQ32: R16 | AS32: =COUNTIF(C32:AR32,">=R") -> 21 | AT32: =AS32 -> 21
A33: B.3 | B33: MUROS 1 piso
A34: B.3.3.1 | B34: Entramado Estructural | C34: R21 | E34: R21 | G34: R21 | I34: R21 | K34: R24 | M34: R24 | O34: R24 | Q34: R24 | S34: R24 | U34: R24 | W34: R24 | Y34: R24 | AA34: R24 | AC34: R24 | AE34: R30 | AG34: R30 | AI34: R29 | AK34: R30 | AM34: R21 | AO34: R21 | AQ34: R21 | AS34: =COUNTIF(C34:AR34,">=R") -> 21 | AT34: =AS34 -> 21
A35: B.4 | B35: ESTRUCTURA HORIZONTAL (ENTREPISO)
A36: B.4.4.1 | B36: Madera | C36: R21 | E36: R21 | G36: R21 | I36: R21 | K36: R24 | M36: R24 | O36: R24 | Q36: R24 | S36: R24 | U36: R24 | W36: R24 | Y36: R24 | AA36: R24 | AC36: R24 | AE36: R30 | AG36: R30 | AK36: R30 | AM36: R21 | AO36: R21 | AQ36: R21 | AS36: =COUNTIF(C36:AR36,">=R") -> 19 | AT36: =AS36 -> 19
A37: B.4.4.2 | B37: Terciado estructural (15mm) | C37: R21 | E37: R21 | G37: R21 | I37: R21 | K37: R24 | M37: R24 | O37: R24 | Q37: R24 | S37: R24 | U37: R24 | W37: R24 | Y37: R24 | AA37: R24 | AC37: R24 | AE37: R30 | AG37: R30 | AK37: R30 | AM37: R21 | AO37: R21 | AQ37: R21 | AS37: =COUNTIF(C37:AR37,">=R") -> 19 | AT37: =AS37 -> 19
A38: B.5 | B38: MUROS 2 piso
A39: B.5.3.1 | B39: Entramado Estructural (2do P) | C39: R21 | E39: R21 | G39: R21 | I39: R21 | K39: R24 | M39: R24 | O39: R24 | Q39: R24 | S39: R24 | U39: R24 | W39: R24 | Y39: R24 | AA39: R24 | AC39: R24 | AE39: R30 | AG39: R30 | AK39: R30 | AM39: R21 | AO39: R21 | AQ39: R21 | AS39: =COUNTIF(C39:AR39,">=R") -> 19 | AT39: =AS39 -> 19
A40: B.6 | B40: CUBIERTA
A41: B.6.1.1 | B41: Madera | C41: R21 | E41: R21 | G41: R21 | I41: R21 | K41: R24 | M41: R24 | O41: R24 | Q41: R24 | S41: R24 | U41: R24 | W41: R24 | Y41: R24 | AA41: R24 | AC41: R24 | AE41: R29 | AG41: R29 | AK41: R29 | AM41: R21 | AO41: R21 | AQ41: R21+ | AS41: =COUNTIF(C41:AR41,">=R") -> 20 | AT41: =AS41 -> 20
A42: B.6.2.1 | B42: Acero galvanizado (0.35mm) | C42: R21 | E42: R21 | G42: R21 | I42: R21 | K42: R25 | M42: R25 | O42: R25 | Q42: R25 | S42: R24 | U42: R24 | W42: R24 | Y42: R24 | AA42: R24 | AC42: R24 | AE42: R29 | AG42: R29 | AK42: R28 | AM42: R26 | AO42: R26 | AQ42: R26 | AS42: =COUNTIF(C42:AR42,">=R") -> 20 | AT42: =AS42 -> 20
A43: B.6.3 | B43: Hojalatería
A44: B.6.3.1 | B44: Canales | AS44: =COUNTIF(C44:AR44,">=R") -> 0 | AT44: =AS44 -> 0
A45: B.6.3.2 | B45: Bajadas y Hojalaterias | AS45: =COUNTIF(C45:AR45,">=R") -> 0 | AT45: =AS45 -> 0
A46: B.6.EX.1 | B46: Caballete | C46: R24 | E46: R24 | G46: R24 | I46: R24 | K46: R24 | M46: R24 | O46: R24 | Q46: R24 | S46: R24 | U46: R24 | W46: R26 | Y46: R26 | AA46: R27 | AC46: R27 | AE46: R29 | AG46: R29 | AK46: R32 | AM46: R21 | AO46: R21 | AQ46: R21 | AS46: =COUNTIF(C46:AR46,">=R") -> 20 | AT46: =AS46 -> 20
A47: B.6.EX.2 | B47: Esquineros | C47: R25 | E47: R25 | G47: R25 | I47: R25 | K47: R25 | M47: R26 | O47: R26 | Q47: R26 | S47: R25 | U47: R25 | W47: R28 | Y47: R27 | AA47: R26 | AC47: R26 | AE47: R29 | AG47: R29 | AK47: R30 | AM47: R27 | AO47: R27 | AQ47: R27 | AS47: =COUNTIF(C47:AR47,">=R") -> 20 | AT47: =AS47 -> 20
A48: B.6.EX.3 | B48: Forro Terminal Alero | C48: R24 | E48: R24 | G48: R24 | I48: R24 | K48: R25 | M48: R26 | O48: R26 | Q48: R26 | S48: R25 | U48: R25 | W48: R28 | Y48: R28 | AA48: R26 | AC48: R26 | AE48: R34 | AG48: R29 | AK48: R30 | AM48: R27 | AO48: R27 | AQ48: R27 | AS48: =COUNTIF(C48:AR48,">=R") -> 20 | AT48: =AS48 -> 20
A49: B.6.EX.4 | B49: Forro Cortagotera Sobrecimento | C49: R24 | E49: R24 | G49: R24 | I49: R24 | K49: R25 | M49: R26 | O49: R26 | Q49: R26 | S49: R25 | U49: R25 | W49: R27 | Y49: R27 | AA49: R26 | AC49: R26 | AE49: R29 | AG49: R29 | AK49: R30 | AM49: R26 | AO49: R21 | AQ49: R21 | AS49: =COUNTIF(C49:AR49,">=R") -> 20 | AT49: =AS49 -> 20
A50: C.1 | B50: REVESTIMIENTOS MUROS Y TABIQUES
A51: C.1.1 | B51: Exterior
A52: C.1.1.2 | B52: Placas Smart Panel 11,1 mm tipo H | C52: R24 | E52: R23 | G52: R23 | I52: R24 | K52: R25 | M52: R26 | O52: R26 | Q52: R26 | S52: R25 | U52: R25 | W52: R28 | Y52: R27 | AA52: R26 | AC52: R26 | AE52: R29 | AG52: R29 | AK52: R30 | AM52: R22 | AO52: R21 | AQ52: R21 | AS52: =COUNTIF(C52:AR52,">=R") -> 20 | AT52: =AS52 -> 20
A53: C.1.1.3 | B53: Placas de fibrocemento 4 mm | C53: R34 | E53: R34 | G53: R34 | I53: R34 | K53: R34 | W53: R34 | Y53: R34 | AA53: R34 | AC53: R34 | AE53: R34 | AG53: R34 | AK53: R34 | AM53: R34 | AO53: R34 | AQ53: R34 | AS53: =COUNTIF(C53:AR53,">=R") -> 15 | AT53: =AS53 -> 15
A54: C.1.2 | B54: Interior zona seca
A55: C.1.2.2.1 | B55: Yeso cartón 10 mm | C55: R34 | E55: R34 | G55: R34 | I55: R34 | K55: R34 | U55: R34 | W55: R31 | Y55: R32 | AA55: R32 | AC55: R32 | AE55: R36 | AG55: R36 | AK55: R37 | AM55: R33 | AO55: R33 | AQ55: R32 | AS55: =COUNTIF(C55:AR55,">=R") -> 16 | AT55: =AS55 -> 16
A56: C.1.2.2.2 | B56: Yeso cartón 15 mm (Adosamiento) | C56: R34 | E56: R34 | G56: R34 | I56: R34 | K56: R34 | U56: R34 | W56: R33 | Y56: R33 | AA56: R32 | AC56: R33 | AE56: R36 | AG56: R36 | AK56: R37 | AM56: R33 | AO56: R33 | AQ56: R32 | AS56: =COUNTIF(C56:AR56,">=R") -> 16 | AT56: =AS56 -> 16
A57: C.1.3 | B57: Interior zona húmeda
A58: C.1.3.3 | B58: Fibrocemento 6 mm (Simplisima) | C58: R34 | E58: R34 | G58: R34 | I58: R34 | K58: R34 | U58: R34 | W58: R34 | Y58: R34 | AA58: R34 | AC58: R34 | AM58: R34 | AO58: R34 | AQ58: R34 | AS58: =COUNTIF(C58:AR58,">=R") -> 13 | AT58: =AS58 -> 13
A59: C.2 | B59: AISLACION TERMICA MUROS (INCLUYE BARRERAS DE HUMEDAD Y VAPOR)
A60: C.2.1.2 | B60: Aislacion sobrecimiento 40 mm 15 kg/m3 | C60: R37 | E60: R37 | G60: R37 | I60: R37 | K60: R37 | U60: R37 | W60: R37 | Y60: R37 | AA60: R37 | AC60: R37 | AE60: R36 | AG60: R36 | AI60: R37 | AK60: R37 | AM60: R36 | AO60: R36 | AQ60: R36 | AS60: =COUNTIF(C60:AR60,">=R") -> 17 | AT60: =AS60 -> 17
A61: C.2.1.3 | B61: Aislacion madera 4x4 | AS61: =COUNTIF(C61:AR61,">=R") -> 0 | AT61: =AS61 -> 0
A62: C.2.3.1 | B62: Lana de vidrio Muros Perimetrales 94 mm 11 kg/m3 | C62: R26 | E62: R26 | G62: R26 | I62: R26 | K62: R26 | M62: R27 | O62: R27 | Q62: R34 | S62: R27 | U62: R27 | W62: R28 | Y62: R28 | AA62: R28 | AC62: R28 | AE62: R35 | AG62: R35 | AK62: R35 | AM62: R29 | AO62: R29 | AQ62: R29 | AS62: =COUNTIF(C62:AR62,">=R") -> 20 | AT62: =AS62 -> 20
A63: C.2.3.1.B | B63: Lana de vidrio 50 mm 11 kg/m3 | AQ63: R29 | AS63: =COUNTIF(C63:AR63,">=R") -> 1 | AT63: =AS63 -> 1
A64: C.3 | B64: CIELO
A65: C.3.2 | B65: Estructura cielo falso
A66: C.3.2.1 | B66: Madera | C66: R25 | E66: R25 | G66: R25 | I66: R25 | K66: R26 | M66: R26 | O66: R26 | Q66: R27 | S66: R27 | U66: R27 | W66: R27 | Y66: R27 | AA66: R27 | AC66: R27 | AE66: R37 | AG66: R37 | AK66: R37 | AM66: R27 | AO66: R27 | AQ66: R28 | AS66: =COUNTIF(C66:AR66,">=R") -> 20 | AT66: =AS66 -> 20
A67: C.3.3 | B67: Revestimiento zona seca
A68: C.3.3.1 | B68: Yeso cartón 10 mm | C68: R34 | E68: R34 | G68: R34 | I68: R34 | K68: R34 | U68: R34 | W68: R34 | Y68: R34 | AA68: R33 | AC68: R33 | AE68: R36 | AG68: R36 | AK68: R37 | AM68: R33 | AO68: R33 | AQ68: R33 | AS68: =COUNTIF(C68:AR68,">=R") -> 16 | AT68: =AS68 -> 16
A69: C.3.4 | B69: Revestimiento zona húmeda
A70: C.3.4.2 | B70: Yeso cartón 12.5 mm RH | C70: R34 | E70: R34 | G70: R34 | I70: R34 | K70: R34 | U70: R34 | W70: R34 | Y70: R34 | AA70: R33 | AC70: R33 | AM70: R34 | AO70: R34 | AQ70: R33 | AS70: =COUNTIF(C70:AR70,">=R") -> 13 | AT70: =AS70 -> 13
A71: C.4 | B71: AISLACIÓN TÉRMICA CUBIERTA
A72: C.4.3.1 | B72: Lana de vidrio 160 mm 11 kg/m3 | C72: R26 | E72: R26 | G72: R26 | I72: R26 | K72: R26 | M72: R27 | O72: R27 | Q72: R34 | S72: R27 | U72: R27 | W72: R28 | Y72: R28 | AA72: R28 | AC72: R28 | AE72: R35 | AG72: R35 | AK72: R35 | AM72: R29 | AO72: R29 | AQ72: R29 | AS72: =COUNTIF(C72:AR72,">=R") -> 20 | AT72: =AS72 -> 20
A73: C.5 | B73: REVESTIMIENTO PISOS
A74: C.5.1.3 | B74: Cerámica Antideslizante (piso) | C74: R34 | E74: R34 | G74: R34 | I74: R34 | K74: R34 | U74: R34 | W74: R34 | Y74: R34 | AA74: R34 | AC74: R35 | AE74: R35 | AG74: R35 | AK74: R35 | AM74: R35 | AO74: R35 | AQ74: R35 | AS74: =COUNTIF(C74:AR74,">=R") -> 16 | AT74: =AS74 -> 16
A75: C.5.4 | B75: Piso Flotante 6mm | C75: R35 | E75: R36 | G75: R35 | I75: R35 | K75: R36 | S75: R36 | U75: R36 | W75: R37 | Y75: R37 | AA75: R37 | AC75: R37 | AE75: R37 | AG75: R37 | AK75: R37 | AM75: R36 | AO75: R36 | AQ75: R36 | AS75: =COUNTIF(C75:AR75,">=R") -> 17 | AT75: =AS75 -> 17
A76: C.7 | B76: ESCALERA INTERIOR
A77: C.7.1 | B77: Escalera (estructura, peldaños, baranda y pasamanos) | C77: R34 | E77: R34 | G77: R34 | I77: R35 | K77: R35 | U77: R35 | W77: R35 | Y77: R35 | AA77: R35 | AC77: R35 | AM77: R36 | AO77: R36 | AQ77: R36 | AS77: =COUNTIF(C77:AR77,">=R") -> 13 | AT77: =AS77 -> 13
A78: C.8 | B78: ALEROS Y FRONTONES
A79: C.8.1.1 | B79: Madera Frontones y Aleros | C79: R25 | E79: R23 | G79: R23 | I79: R25 | K79: R25 | M79: R26 | O79: R26 | Q79: R26 | S79: R25 | U79: R25 | W79: R28 | Y79: R28 | AA79: R26 | AC79: R26 | AE79: R29 | AG79: R29 | AK79: R30 | AM79: R22 | AO79: R22 | AQ79: R25 | AS79: =COUNTIF(C79:AR79,">=R") -> 20 | AT79: =AS79 -> 20
A80: C.8.2 | B80: Revestimiento | AS80: =COUNTIF(C80:AR80,">=R") -> 0 | AT80: =AS80 -> 0
A81: C.8.2.3 | B81: Madera placas frontones smart panel H 11.1mm | C81: R25 | E81: R23 | G81: R23 | I81: R25 | K81: R25 | M81: R26 | O81: R26 | Q81: R26 | S81: R25 | U81: R25 | W81: R28 | Y81: R28 | AA81: R26 | AC81: R26 | AE81: R29 | AG81: R29 | AK81: R30 | AM81: R22 | AO81: R22 | AQ81: R21 | AS81: =COUNTIF(C81:AR81,">=R") -> 20 | AT81: =AS81 -> 20
A82: C.8.3 | B82: Rejillas de ventilacion | AS82: =COUNTIF(C82:AR82,">=R") -> 0 | AT82: =AS82 -> 0
A83: C.8.3.1 | B83: Rejilla de ventilacion adicional (Cocina) | AS83: =COUNTIF(C83:AR83,">=R") -> 0 | AT83: =AS83 -> 0
A84: C.8.4 | B84: Tapacan (Smart Panel) | C84: R25 | E84: R23 | G84: R23 | I84: R25 | K84: R25 | M84: R26 | O84: R26 | Q84: R26 | S84: R25 | U84: R25 | W84: R28 | Y84: R28 | AA84: R26 | AC84: R26 | AE84: R29 | AG84: R29 | AK84: R30 | AM84: R22 | AO84: R22 | AQ84: R21 | AS84: =COUNTIF(C84:AR84,">=R") -> 20 | AT84: =AS84 -> 20
A85: C.8.5.1 | B85: Fibrocemento 4 mm (Rev. Alero) | C85: R25 | E85: R23 | G85: R23 | I85: R25 | K85: R26 | M85: R26 | O85: R26 | Q85: R26 | S85: R26 | U85: R26 | W85: R34 | Y85: R34 | AA85: R26 | AC85: R26 | AE85: R34 | AG85: R34 | AK85: R30 | AM85: R22 | AO85: R22 | AQ85: R21 | AS85: =COUNTIF(C85:AR85,">=R") -> 20 | AT85: =AS85 -> 20
A86: C.9 | B86: PUERTAS Y VENTANAS
A87: C.9.1 | B87: Marcos
A88: C.9.1.1 | B88: Madera | C88: R35 | AS88: =COUNTIF(C88:AR88,">=R") -> 1 | AT88: =AS88 -> 1
A89: C.9.2 | B89: Puertas interiores
A90: C.9.2.1 | B90: Puerta ancho 70 | C90: R35 | AS90: =COUNTIF(C90:AR90,">=R") -> 1 | AT90: =AS90 -> 1
A91: C.9.2.4 | B91: Puerta ancho 85 | AS91: =COUNTIF(C91:AR91,">=R") -> 0 | AT91: =AS91 -> 0
A92: C.9.3 | B92: Puerta exteriores
A93: C.9.3.1 | B93: Puerta ancho 80 (Metalica) | C93: R34 | E93: R34 | G93: R34 | I93: R34 | K93: R34 | U93: R34 | W93: R34 | Y93: R34 | AA93: R34 | AC93: R34 | AE93: R34 | AG93: R34 | AK93: R34 | AM93: R34 | AO93: R34 | AQ93: R34 | AS93: =COUNTIF(C93:AR93,">=R") -> 16 | AT93: =AS93 -> 16
A94: C.9.3.2 | B94: Puerta ancho 85 (Metalica) | C94: R34 | E94: R34 | G94: R34 | I94: R34 | K94: R34 | U94: R34 | W94: R34 | Y94: R34 | AA94: R34 | AC94: R34 | AE94: R34 | AG94: R34 | AK94: R34 | AM94: R34 | AO94: R34 | AQ94: R34 | AS94: =COUNTIF(C94:AR94,">=R") -> 16 | AT94: =AS94 -> 16
A95: C.9.4 | B95: Quincallería (incluye chapas, perillas, bisagras y topes)
A96: C.9.4.1 | B96: Puerta principal | C96: R34 | U96: R34 | W96: R34 | Y96: R34 | AA96: R34 | AC96: R34 | AE96: R34 | AG96: R34 | AK96: R34 | AM96: R34 | AO96: R34 | AQ96: R34 | AS96: =COUNTIF(C96:AR96,">=R") -> 12 | AT96: =AS96 -> 12
A97: C.9.4.2 | B97: Baño | C97: R35 | AS97: =COUNTIF(C97:AR97,">=R") -> 1 | AT97: =AS97 -> 1
A98: C.9.4.3 | B98: Interior | C98: R35 | AS98: =COUNTIF(C98:AR98,">=R") -> 1 | AT98: =AS98 -> 1
A99: C.9.4.4 | B99: Exterior cocina | C99: R34 | U99: R34 | W99: R34 | Y99: R34 | AA99: R34 | AC99: R34 | AE99: R34 | AG99: R34 | AK99: R34 | AM99: R34 | AO99: R34 | AQ99: R34 | AS99: =COUNTIF(C99:AR99,">=R") -> 12 | AT99: =AS99 -> 12
A100: C.9.5 | B100: Ventanas (incluye quincallería)
A101: C.9.5.2 | B101: PVC TERMOPANEL | C101: R25 | E101: R25 | G101: R25 | I101: R25 | K101: R33 | M101: R33 | O101: R33 | Q101: R33 | S101: R33 | U101: R33 | W101: R33 | Y101: R33 | AA101: R33 | AC101: R33 | AE101: R33 | AG101: R33 | AK101: R33 | AM101: R25 | AO101: R25 | AQ101: R25 | AS101: =COUNTIF(C101:AR101,">=R") -> 20 | AT101: =AS101 -> 20
A102: C.10 | B102: MOLDURAS
A103: C.10.1 | B103: Guardapolvos | C103: R36 | E103: R36 | G103: R36 | I103: R36 | K103: R36 | AM103: R36 | AS103: =COUNTIF(C103:AR103,">=R") -> 6 | AT103: =AS103 -> 6
A104: C.10.2 | B104: Cornisas | C104: R36 | E104: R36 | G104: R36 | I104: R36 | K104: R36 | AM104: R36 | AS104: =COUNTIF(C104:AR104,">=R") -> 6 | AT104: =AS104 -> 6
A105: C.11 | B105: PINTURAS
A106: C.11.1 | B106: Óleo | AS106: =COUNTIF(C106:AR106,">=R") -> 0 | AT106: =AS106 -> 0
...

Sheet MANZ.K
B1: SERVIU REGION DE LA ARAUCANIA | C1: CUADRO RESUMEN DE CONTROL RECEPCIONADO | AC1: CUADRO RESUMEN DE CONTROL RECEPCIONADO
A4: OBRA | B4: CAMPOS DEL SUR II | C4: FECHA | G4: 46037 | J4: R4 | K4: 45814 | N4: R10 | O4: 45855 | R4: R16 | S4: 45905 | V4: R24 | W4: 45960 | Z4: R30 | AA4: 46003 | AD4: R37 | AE4: 46052
A5: COMUNA | B5: RENAICO | J5: R5 | K5: 45821 | N5: R11 | O5: 45863 | R5: R17 | S5: 45912 | V5: R25 | W5: 45968 | Z5: R31 | AA5: 46010
A6: CONTRATISTA | B6: CONSTRUCTORA CIMOL S.P.A | J6: R6 | K6: 46192 | N6: R12 | O6: 45870 | R6: R19 | S6: 45926 | V6: R26 | W6: 45975 | Z6: R32 | AA6: 46015
A7: RESIDENTE DE OBRA | B7: EDGAR MORALES ALARCON | J7: R7 | K7: 45835 | N7: R13 | O7: 45883 | R7: R21 | S7: 45940 | V7: R27 | W7: 45982 | Z7: R33 | AA7: 46022
A8: AUTOCONTROL | B8: MICHEL BERGER HUICHANAO | J8: R8 | K8: 45842 | N8: R14 | O8: 45891 | R8: R22 | S8: 45947 | V8: R28 | W8: 45989 | Z8: R34 | AA8: 46031
A9: E.P. | B9: PLAN SOCIAL | J9: R9 | K9: 45849 | N9: R15 | O9: 45898 | R9: R23 | S9: 45954 | V9: R29 | W9: 45996 | Z9: R35 | AA9: 46038
A10: S.A.T. | B10: OBED CEA LONCONADO | C10: VERSION | G10: 1.0
A11: F.T.O. | B11: MAURICIO DIAZ BARRA
A12: CODIGO | B12: 182948
A15: ITEM | B15: DESIGNACIÓN | C15: UBICACIÓN
C16: VIVIENDA LOTE Nº | U16: MANZANA : | AA16: K
C17: 1 | E17: 2 | G17: 3 | I17: 4 | K17: 5 | M17: 6 | O17: 7 | Q17: 8 | S17: 9 | U17: 10 | W17: 11 | Y17: 12 | AA17: T. REV | AB17: TOTAL
A18: B | B18: OBRA GRUESA | C18: AT | D18: RV | E18: AT | F18: RV | G18: AT | H18: RV | I18: AT | J18: RV | K18: AT | L18: RV | M18: AT | N18: RV | O18: AT | P18: RV | Q18: AT | R18: RV | S18: AT | T18: RV | U18: AT | V18: RV | W18: AT | X18: RV | Y18: AT | Z18: RV
A19: B.1 | B19: FUNDACIONES
A20: B.1.1 | B20: Replanteo, trazado y niveles | C20: R5 | E20: R5 | G20: R5 | I20: R5 | K20: R4 | M20: R4 | O20: R4 | Q20: R5 | S20: R5 | U20: R5 | W20: R5 | Y20: R5 | AA20: =COUNTIF(C20:Z20,">=R") -> 12 | AB20: =AA20 -> 12
A21: B.1.2 | B21: Excavación | C21: R6 | E21: R6 | G21: R7 | I21: R7 | K21: R4 | M21: R4 | O21: R4 | Q21: R9 | S21: R6 | U21: R6 | W21: R6 | Y21: R6 | AA21: =COUNTIF(C21:Z21,">=R") -> 12 | AB21: =AA21 -> 12
A22: B.1.3 | B22: Emplantillado (G5) | C22: R26 | E22: R7 | G22: R7 | I22: R7 | K22: R5 | M22: R5 | O22: R5 | Q22: R9 | S22: R7 | U22: R7 | W22: R7 | Y22: R7 | AA22: =COUNTIF(C22:Z22,">=R") -> 12 | AB22: =AA22 -> 12
A23: B.1.4 | B23: Hormigón cimientos (G10) | C23: R7 | E23: R7 | G23: R7 | I23: R7 | K23: R5 | M23: R5 | O23: R5 | Q23: R9 | S23: R7 | U23: R7 | W23: R7 | Y23: R7 | AA23: =COUNTIF(C23:Z23,">=R") -> 12 | AB23: =AA23 -> 12
A24: B.1.5 | B24: Hormigón sobrecimientos (G17) | C24: R9 | E24: R9 | G24: R9 | I24: R9 | K24: R5 | M24: R5 | O24: R5 | Q24: R15 | S24: R9 | U24: R9 | W24: R9 | Y24: R9 | AA24: =COUNTIF(C24:Z24,">=R") -> 12 | AB24: =AA24 -> 12
A25: B.1.6 | B25: Enfierradura | C25: R9 | E25: R9 | G25: R9 | I25: R9 | K25: R5 | M25: R5 | O25: R5 | Q25: R15 | S25: R9 | U25: R9 | W25: R9 | Y25: R9 | AA25: =COUNTIF(C25:Z25,">=R") -> 12 | AB25: =AA25 -> 12
A26: B.1.7 | B26: Moldajes | C26: R9 | E26: R9 | G26: R9 | I26: R9 | K26: R5 | M26: R5 | O26: R5 | Q26: R15 | S26: R9 | U26: R9 | W26: R9 | Y26: R9 | AA26: =COUNTIF(C26:Z26,">=R") -> 12 | AB26: =AA26 -> 12
A27: B.2 | B27: RADIER
A28: B.2.1 | B28: Base (Cama de ripio) e=0,08 mts | C28: R9 | E28: R9 | G28: R9 | I28: R9 | K28: R5 | M28: R5 | O28: R5 | Q28: R15 | S28: R9 | U28: R9 | W28: R9 | Y28: R9 | AA28: =COUNTIF(C28:Z28,">=R") -> 12 | AB28: =AA28 -> 12
A29: B.2.2 | B29: Hormigón (G15) | C29: R9 | E29: R9 | G29: R9 | I29: R9 | K29: R5 | M29: R5 | O29: R5 | Q29: R15 | S29: R9 | U29: R9 | W29: R9 | Y29: R9 | AA29: =COUNTIF(C29:Z29,">=R") -> 12 | AB29: =AA29 -> 12
A30: B.3 | B30: MUROS 1 piso
A31: B.3.3.1 | B31: Entramado Estructural | C31: R26 | E31: R12 | G31: R15 | I31: R15 | K31: R6 | M31: R6 | O31: R6 | Q31: R26 | S31: R12 | U31: R12 | W31: R12 | Y31: R12 | AA31: =COUNTIF(C31:Z31,">=R") -> 12 | AB31: =AA31 -> 12
A32: B.4 | B32: ESTRUCTURA HORIZONTAL (ENTREPISO)
A33: B.4.4.1 | B33: Madera | E33: R12 | G33: R15 | I33: R15 | K33: R7 | M33: R7 | O33: R7 | S33: R12 | U33: R12 | W33: R12 | Y33: R12 | AA33: =COUNTIF(C33:Z33,">=R") -> 10 | AB33: =AA33 -> 10
A34: B.4.4.2 | B34: Terciado estructural (15mm) | E34: R12 | G34: R15 | I34: R15 | K34: R7 | M34: R7 | O34: R7 | S34: R12 | U34: R12 | W34: R12 | Y34: R12 | AA34: =COUNTIF(C34:Z34,">=R") -> 10 | AB34: =AA34 -> 10
A35: B.5 | B35: MUROS 2 piso
A36: B.5.3.1 | B36: Entramado Estructural (2do P) | E36: R12 | G36: R15 | I36: R15 | K36: R7 | M36: R7 | O36: R7 | S36: R12 | U36: R12 | W36: R12 | Y36: R12 | AA36: =COUNTIF(C36:Z36,">=R") -> 10 | AB36: =AA36 -> 10
A37: B.6 | B37: CUBIERTA
A38: B.6.1.1 | B38: Madera | C38: R29 | E38: R12 | G38: R15 | I38: R15 | K38: R7 | M38: R7 | O38: R7 | Q38: R29 | S38: R12 | U38: R12 | W38: R12 | Y38: R12 | AA38: =COUNTIF(C38:Z38,">=R") -> 12 | AB38: =AA38 -> 12
A39: B.6.2.1 | B39: Acero galvanizado (0.35mm) | C39: R34 | E39: R15 | G39: R15 | I39: R15 | K39: R8 | M39: R8 | O39: R8 | Q39: R36 | S39: R15 | U39: R15 | W39: R15 | Y39: R15 | AA39: =COUNTIF(C39:Z39,">=R") -> 12 | AB39: =AA39 -> 12
A40: B.6.3 | B40: Hojalatería
A41: B.6.3.1 | B41: Canales | AA41: =COUNTIF(C41:Z41,">=R") -> 0 | AB41: =AA41 -> 0
A42: B.6.3.2 | B42: Bajadas y Hojalaterias | AA42: =COUNTIF(C42:Z42,">=R") -> 0 | AB42: =AA42 -> 0
A43: B.6.EX.1 | B43: Caballete | C43: R34 | E43: R21 | G43: R21 | I43: R21 | K43: R8 | M43: R8 | O43: R8 | S43: R21 | U43: R21 | W43: R21 | Y43: R21 | AA43: =COUNTIF(C43:Z43,">=R") -> 11 | AB43: =AA43 -> 11
A44: B.6.EX.2 | B44: Esquineros | E44: R14 | G44: R14 | I44: R14 | K44: R14 | M44: R14 | O44: R14 | S44: R14 | U44: R14 | W44: R15 | Y44: R15 | AA44: =COUNTIF(C44:Z44,">=R") -> 10 | AB44: =AA44 -> 10
A45: B.6.EX.3 | B45: Forro Terminal Alero | E45: R14 | G45: R14 | I45: R14 | K45: R10 | M45: R10 | O45: R10 | S45: R14 | U45: R14 | W45: R15 | Y45: R15 | AA45: =COUNTIF(C45:Z45,">=R") -> 10 | AB45: =AA45 -> 10
A46: B.6.EX.4 | B46: Forro Cortagotera Sobrecimento | E46: R14 | G46: R14 | I46: R14 | K46: R9 | M46: R9 | O46: R9 | S46: R14 | U46: R14 | W46: R15 | Y46: R15 | AA46: =COUNTIF(C46:Z46,">=R") -> 10 | AB46: =AA46 -> 10
A47: C.1 | B47: REVESTIMIENTOS MUROS Y TABIQUES
A48: C.1.1 | B48: Exterior
A49: C.1.1.2 | B49: Placas Smart Panel 11,1 mm tipo H | E49: R14 | G49: R16 | I49: R16 | K49: R14 | M49: R14 | O49: R14 | S49: R19 | U49: R19 | W49: R16 | Y49: R16 | AA49: =COUNTIF(C49:Z49,">=R") -> 10 | AB49: =AA49 -> 10
A50: C.1.1.3 | B50: Placas de fibrocemento 4 mm | E50: R30 | G50: R30 | I50: R34 | K50: R34 | M50: R34 | O50: R34 | S50: R34 | U50: R30 | W50: R30 | Y50: R30 | AA50: =COUNTIF(C50:Z50,">=R") -> 10 | AB50: =AA50 -> 10
A51: C.1.2 | B51: Interior zona seca
A52: C.1.2.2.1 | B52: Yeso cartón 10 mm | E52: R25 | G52: R24 | I52: R25 | K52: R26 | M52: R26 | O52: R26 | S52: R25 | U52: R25 | W52: R25 | Y52: R25 | AA52: =COUNTIF(C52:Z52,">=R") -> 10 | AB52: =AA52 -> 10
A53: C.1.2.2.2 | B53: Yeso cartón 15 mm (Adosamiento) | E53: R25 | G53: R24 | I53: R24 | K53: R25 | M53: R25 | O53: R26 | S53: R26 | U53: R25 | W53: R25 | Y53: R25 | AA53: =COUNTIF(C53:Z53,">=R") -> 10 | AB53: =AA53 -> 10
A54: C.1.3 | B54: Interior zona húmeda
A55: C.1.3.3 | B55: Fibrocemento 6 mm (Simplisima) | E55: R26 | G55: R26 | I55: R28 | K55: R28 | M55: R28 | O55: R28 | S55: R28 | U55: R28 | Y55: R26 | AA55: =COUNTIF(C55:Z55,">=R") -> 9 | AB55: =AA55 -> 9
A56: C.2 | B56: AISLACION TERMICA MUROS (INCLUYE BARRERAS DE HUMEDAD Y VAPOR)
A57: C.2.1.2 | B57: Aislacion sobrecimiento 40 mm 15 kg/m3 | C57: R36 | E57: R27 | G57: R27 | I57: R27 | K57: R27 | M57: R27 | O57: R27 | S57: R27 | U57: R27 | W57: R27 | Y57: R27 | AA57: =COUNTIF(C57:Z57,">=R") -> 11 | AB57: =AA57 -> 11
A58: C.2.1.3 | B58: Aislacion madera 4x4 | AA58: =COUNTIF(C58:Z58,">=R") -> 0 | AB58: =AA58 -> 0
A59: C.2.3.1 | B59: Lana de vidrio Muros Perimetrales 94 mm 11 kg/m3 | E59: R22 | G59: R23 | I59: R23 | K59: R24 | M59: R24 | O59: R24 | S59: R24 | U59: R24 | W59: R24 | Y59: R24 | AA59: =COUNTIF(C59:Z59,">=R") -> 10 | AB59: =AA59 -> 10
A60: C.2.3.1.B | B60: Lana de vidrio 50 mm 11 kg/m3 | AA60: =COUNTIF(C60:Z60,">=R") -> 0 | AB60: =AA60 -> 0
A61: C.3 | B61: CIELO
A62: C.3.2 | B62: Estructura cielo falso
A63: C.3.2.1 | B63: Madera | C63: R34 | E63: R14 | G63: R21 | I63: R21 | K63: R21 | M63: R21 | O63: R21 | Q63: R34 | S63: R21 | U63: R21 | W63: R14 | Y63: R14 | AA63: =COUNTIF(C63:Z63,">=R") -> 12 | AB63: =AA63 -> 12
A64: C.3.3 | B64: Revestimiento zona seca
A65: C.3.3.1 | B65: Yeso cartón 10 mm | E65: R25 | G65: R24 | I65: R25 | K65: R30 | M65: R30 | O65: R30 | S65: R30 | U65: R25 | W65: R25 | Y65: R25 | AA65: =COUNTIF(C65:Z65,">=R") -> 10 | AB65: =AA65 -> 10
A66: C.3.4 | B66: Revestimiento zona húmeda
A67: C.3.4.2 | B67: Yeso cartón 12.5 mm RH | E67: R25 | G67: R26 | I67: R26 | K67: R26 | M67: R26 | O67: R26 | S67: R26 | U67: R26 | W67: R25 | Y67: R25 | AA67: =COUNTIF(C67:Z67,">=R") -> 10 | AB67: =AA67 -> 10
A68: C.4 | B68: AISLACIÓN TÉRMICA CUBIERTA
A69: C.4.3.1 | B69: Lana de vidrio 160 mm 11 kg/m3 | E69: R22 | G69: R23 | I69: R23 | K69: R24 | M69: R24 | O69: R24 | S69: R24 | U69: R24 | W69: R24 | Y69: R24 | AA69: =COUNTIF(C69:Z69,">=R") -> 10 | AB69: =AA69 -> 10
A70: C.5 | B70: REVESTIMIENTO PISOS
A71: C.5.1.3 | B71: Cerámica Antideslizante (piso) | G71: R25 | I71: R25 | K71: R25 | M71: R25 | O71: R25 | AA71: =COUNTIF(C71:Z71,">=R") -> 5 | AB71: =AA71 -> 5
A72: C.5.4 | B72: Piso Flotante 6mm | E72: R30 | G72: R32 | I72: R32 | K72: R32 | M72: R33 | O72: R33 | S72: R31 | U72: R31 | W72: R31 | Y72: R31 | AA72: =COUNTIF(C72:Z72,">=R") -> 10 | AB72: =AA72 -> 10
A73: C.7 | B73: ESCALERA INTERIOR
A74: C.7.1 | B74: Escalera (estructura, peldaños, baranda y pasamanos) | E74: R28 | G74: R36 | I74: R36 | K74: R36 | M74: R36 | O74: R36 | S74: R28 | U74: R28 | W74: R28 | Y74: R28 | AA74: =COUNTIF(C74:Z74,">=R") -> 10 | AB74: =AA74 -> 10
A75: C.8 | B75: ALEROS Y FRONTONES
A76: C.8.1.1 | B76: Madera Frontones y Aleros | E76: R14 | G76: R16 | I76: R16 | K76: R14 | M76: R14 | O76: R14 | S76: R19 | U76: R19 | W76: R16 | Y76: R16 | AA76: =COUNTIF(C76:Z76,">=R") -> 10 | AB76: =AA76 -> 10
A77: C.8.2 | B77: Revestimiento | AA77: =COUNTIF(C77:Z77,">=R") -> 0 | AB77: =AA77 -> 0
A78: C.8.2.3 | B78: Madera placas frontones smart panel H 11.1mm | E78: R14 | G78: R16 | I78: R16 | K78: R14 | M78: R14 | O78: R14 | S78: R19 | U78: R19 | W78: R16 | Y78: R16 | AA78: =COUNTIF(C78:Z78,">=R") -> 10 | AB78: =AA78 -> 10
A79: C.8.3 | B79: Rejillas de ventilacion | AA79: =COUNTIF(C79:Z79,">=R") -> 0 | AB79: =AA79 -> 0
A80: C.8.3.1 | B80: Rejilla de ventilacion adicional (Cocina) | AA80: =COUNTIF(C80:Z80,">=R") -> 0 | AB80: =AA80 -> 0
A81: C.8.4 | B81: Tapacan (Smart Panel) | E81: R14 | G81: R21 | I81: R21 | K81: R14 | M81: R14 | O81: R14 | S81: R19 | U81: R19 | W81: R21 | Y81: R21 | AA81: =COUNTIF(C81:Z81,">=R") -> 10 | AB81: =AA81 -> 10
A82: C.8.5.1 | B82: Fibrocemento 4 mm (Rev. Alero) | E82: R14 | G82: R16 | I82: R16 | K82: R14 | M82: R14 | O82: R14 | S82: R19 | U82: R19 | W82: R16 | Y82: R16 | AA82: =COUNTIF(C82:Z82,">=R") -> 10 | AB82: =AA82 -> 10
A83: C.9 | B83: PUERTAS Y VENTANAS
A84: C.9.1 | B84: Marcos
A85: C.9.1.1 | B85: Madera | E85: R30 | G85: R32 | I85: R32 | K85: R32 | S85: R31 | U85: R31 | W85: R31 | Y85: R31 | AA85: =COUNTIF(C85:Z85,">=R") -> 8 | AB85: =AA85 -> 8
A86: C.9.2 | B86: Puertas interiores
A87: C.9.2.1 | B87: Puerta ancho 70 | E87: R30 | G87: R32 | I87: R32 | K87: R32 | S87: R31 | U87: R31 | W87: R31 | Y87: R31 | AA87: =COUNTIF(C87:Z87,">=R") -> 8 | AB87: =AA87 -> 8
A88: C.9.2.4 | B88: Puerta ancho 85 | AA88: =COUNTIF(C88:Z88,">=R") -> 0 | AB88: =AA88 -> 0
A89: C.9.3 | B89: Puerta exteriores
A90: C.9.3.1 | B90: Puerta ancho 80 (Metalica) | E90: R29 | G90: R29 | I90: R29 | K90: R29 | M90: R29 | O90: R29 | S90: R29 | U90: R29 | W90: R29 | Y90: R29 | AA90: =COUNTIF(C90:Z90,">=R") -> 10 | AB90: =AA90 -> 10
A91: C.9.3.2 | B91: Puerta ancho 85 (Metalica) | E91: R29 | G91: R29 | I91: R29 | K91: R29 | M91: R29 | O91: R29 | S91: R29 | U91: R29 | W91: R29 | Y91: R29 | AA91: =COUNTIF(C91:Z91,">=R") -> 10 | AB91: =AA91 -> 10
A92: C.9.4 | B92: Quincallería (incluye chapas, perillas, bisagras y topes)
A93: C.9.4.1 | B93: Puerta principal | E93: R30 | G93: R32 | I93: R32 | K93: R32 | M93: R34 | O93: R34 | S93: R32 | U93: R32 | W93: R32 | Y93: R32 | AA93: =COUNTIF(C93:Z93,">=R") -> 10 | AB93: =AA93 -> 10
A94: C.9.4.2 | B94: Baño | E94: R30 | G94: R32 | I94: R32 | K94: R32 | M94: R34 | O94: R34 | S94: R32 | U94: R32 | W94: R32 | Y94: R32 | AA94: =COUNTIF(C94:Z94,">=R") -> 10 | AB94: =AA94 -> 10
A95: C.9.4.3 | B95: Interior | E95: R30 | G95: R32 | I95: R32 | K95: R32 | M95: R34 | O95: R34 | S95: R31 | U95: R31 | W95: R31 | Y95: R31 | AA95: =COUNTIF(C95:Z95,">=R") -> 10 | AB95: =AA95 -> 10
A96: C.9.4.4 | B96: Exterior cocina | E96: R30 | G96: R32 | I96: R32 | K96: R32 | M96: R34 | O96: R34 | S96: R32 | U96: R32 | W96: R32 | Y96: R32 | AA96: =COUNTIF(C96:Z96,">=R") -> 10 | AB96: =AA96 -> 10
A97: C.9.5 | B97: Ventanas (incluye quincallería)
A98: C.9.5.2 | B98: PVC TERMOPANEL | E98: R14 | G98: R11 | I98: R11 | K98: R9 | M98: R14 | O98: R14 | S98: R14 | U98: R14 | W98: R14 | Y98: R14 | AA98: =COUNTIF(C98:Z98,">=R") -> 10 | AB98: =AA98 -> 10
A99: C.10 | B99: MOLDURAS
A100: C.10.1 | B100: Guardapolvos | E100: R32 | G100: R34 | I100: R34 | K100: R34 | M100: R34 | O100: R34 | S100: R32 | U100: R32 | W100: R32 | Y100: R32 | AA100: =COUNTIF(C100:Z100,">=R") -> 10 | AB100: =AA100 -> 10
A101: C.10.2 | B101: Cornisas | E101: R32 | G101: R34 | I101: R34 | K101: R34 | M101: R34 | O101: R34 | S101: R32 | U101: R32 | W101: R32 | Y101: R32 | AA101: =COUNTIF(C101:Z101,">=R") -> 10 | AB101: =AA101 -> 10
A102: C.11 | B102: PINTURAS
A103: C.11.1 | B103: Óleo | AA103: =COUNTIF(C103:Z103,">=R") -> 0 | AB103: =AA103 -> 0
A104: C.11.2.2 | B104: Esmalte (Exterior) | E104: R24 | G104: R24 | I104: R24 | K104: R24 | M104: R24 | O104: R24 | S104: R27 | U104: R24 | W104: R24 | Y104: R24 | AA104: =COUNTIF(C104:Z104,">=R") -> 10 | AB104: =AA104 -> 10
...

Sheet MANZ.L
B1: SERVIU REGION DE LA ARAUCANIA | C1: CUADRO RESUMEN DE CONTROL RECEPCIONADO
A4: OBRA | B4: CAMPOS DEL SUR II | C4: FECHA | G4: 46037 | J4: R4 | K4: 45783 | N4: R23 | O4: 45954 | R4: R33 | S4: 46022
A5: COMUNA | B5: RENAICO | J5: R5 | K5: 45821 | N5: R24 | O5: 45960 | R5: R34 | S5: 46031
A6: CONTRATISTA | B6: CONSTRUCTORA CIMOL S.P.A | J6: R7 | K6: 45835 | N6: R25 | O6: 45968 | R6: R35 | S6: 46038
A7: RESIDENTE DE OBRA | B7: EDGAR MORALES ALARCON | J7: R10 | K7: 45855 | N7: R26 | O7: 45975 | R7: R36 | S7: 46045
A8: AUTOCONTROL | B8: MICHEL BERGER HUICHANAO | J8: R11 | K8: 45802 | N8: R27 | O8: 45982 | R8: R37 | S8: 46052
A9: E.P. | B9: PLAN SOCIAL | J9: R12 | K9: 45778 | N9: R28 | O9: 45989
A10: S.A.T. | B10: OBED CEA LONCONADO | C10: VERSION | G10: 1.0 | J10: R15 | K10: 45898 | N10: R29 | O10: 45996
A11: F.T.O. | B11: MAURICIO DIAZ BARRA | J11: R16 | K11: 45905 | N11: R30 | O11: 46003
A12: CODIGO | B12: 182948 | J12: R21 | K12: 45940 | N12: R31 | O12: 46010
J13: R22 | K13: 45947 | N13: R32 | O13: 46015
A15: ITEM | B15: DESIGNACIÓN | C15: UBICACIÓN
C16: VIVIENDA LOTE Nº | S16: MANZANA : | Y16: L
C17: 1 | E17: 2 | G17: 3 | I17: 4 | K17: 5 | M17: 6 | O17: 7 | Q17: 8 | S17: 9 | U17: 10 | W17: 11 | Y17: T. REV | Z17: TOTAL
A18: B | B18: OBRA GRUESA | C18: AT | D18: RV | E18: AT | F18: RV | G18: AT | H18: RV | I18: AT | J18: RV | K18: AT | L18: RV | M18: AT | N18: RV | O18: AT | P18: RV | Q18: AT | R18: RV | S18: AT | T18: RV | U18: AT | V18: RV | W18: AT | X18: RV
A19: B.1 | B19: FUNDACIONES
A20: B.1.1 | B20: Replanteo, trazado y niveles | C20: R23 | E20: R23 | G20: R23 | I20: R23 | K20: R23 | M20: R4 | O20: R4 | Q20: R15 | S20: R15 | U20: R23 | W20: R23 | Y20: =COUNTIF(C20:X20,">=R") -> 11 | Z20: =Y20 -> 11
A21: B.1.2 | B21: Excavación | C21: R23 | E21: R23 | G21: R24 | I21: R24 | K21: R24 | M21: R4 | O21: R4 | Q21: R15 | S21: R15 | U21: R23 | W21: R23 | Y21: =COUNTIF(C21:X21,">=R") -> 11 | Z21: =Y21 -> 11
A22: B.1.3 | B22: Emplantillado (G5) | C22: R23 | E22: R23 | G22: R24 | I22: R24 | K22: R24 | M22: R5 | O22: R5 | Q22: R15 | S22: R15 | U22: R23 | W22: R23 | Y22: =COUNTIF(C22:X22,">=R") -> 11 | Z22: =Y22 -> 11
A23: B.1.4 | B23: Hormigón cimientos (G10) | C23: R23 | E23: R23 | G23: R24 | I23: R24 | K23: R24 | M23: R5 | O23: R5 | Q23: R15 | S23: R15 | U23: R23 | W23: R23 | Y23: =COUNTIF(C23:X23,">=R") -> 11 | Z23: =Y23 -> 11
A24: B.1.5 | B24: Hormigón sobrecimientos (G17) | C24: R24 | E24: R24 | G24: R24 | I24: R25 | K24: R25 | M24: R5 | O24: R5 | Q24: R16 | S24: R16 | U24: R25 | W24: R25 | Y24: =COUNTIF(C24:X24,">=R") -> 11 | Z24: =Y24 -> 11
A25: B.1.6 | B25: Enfierradura | C25: R24 | E25: R24 | G25: R24 | I25: R25 | K25: R25 | M25: R5 | O25: R5 | Q25: R16 | S25: R16 | U25: R25 | W25: R25 | Y25: =COUNTIF(C25:X25,">=R") -> 11 | Z25: =Y25 -> 11
A26: B.1.7 | B26: Moldajes | C26: R24 | E26: R24 | G26: R24 | I26: R25 | K26: R25 | M26: R5 | O26: R5 | Q26: R16 | S26: R16 | U26: R25 | W26: R25 | Y26: =COUNTIF(C26:X26,">=R") -> 11 | Z26: =Y26 -> 11
A27: B.2 | B27: RADIER
A28: B.2.1 | B28: Base (Cama de ripio) e=0,08 mts | C28: R24 | E28: R24 | G28: R24 | I28: R25 | K28: R25 | M28: R5 | O28: R5 | Q28: R16 | S28: R16 | U28: R25 | W28: R25 | Y28: =COUNTIF(C28:X28,">=R") -> 11 | Z28: =Y28 -> 11
A29: B.2.2 | B29: Hormigón (G15) | C29: R24 | E29: R24 | G29: R24 | I29: R25 | K29: R25 | M29: R5 | O29: R5 | Q29: R16 | S29: R16 | U29: R25 | W29: R25 | Y29: =COUNTIF(C29:X29,">=R") -> 11 | Z29: =Y29 -> 11
A30: B.3 | B30: MUROS 1 piso
A31: B.3.3.1 | B31: Entramado Estructural | C31: R33 | E31: R31 | G31: R31 | I31: R31 | K31: R31 | M31: R7 | O31: R33 | Q31: R25 | S31: R25 | U31: R25 | W31: R25 | Y31: =COUNTIF(C31:X31,">=R") -> 11 | Z31: =Y31 -> 11
A32: B.4 | B32: ESTRUCTURA HORIZONTAL (ENTREPISO)
A33: B.4.4.1 | B33: Madera | E33: R31 | G33: R31 | I33: R31 | K33: R31 | M33: R7 | Q33: R35 | S33: R35 | U33: R34 | W33: R34 | Y33: =COUNTIF(C33:X33,">=R") -> 9 | Z33: =Y33 -> 9
A34: B.4.4.2 | B34: Terciado estructural (15mm) | E34: R31 | G34: R31 | I34: R31 | K34: R31 | M34: R7 | Q34: R35 | S34: R35 | U34: R34 | W34: R34 | Y34: =COUNTIF(C34:X34,">=R") -> 9 | Z34: =Y34 -> 9
A35: B.5 | B35: MUROS 2 piso
A36: B.5.3.1 | B36: Entramado Estructural (2do P) | E36: R31 | G36: R33 | I36: R31 | K36: R31 | M36: R11 | Q36: R35 | S36: R35 | U36: R34 | W36: R34 | Y36: =COUNTIF(C36:X36,">=R") -> 9 | Z36: =Y36 -> 9
A37: B.6 | B37: CUBIERTA
A38: B.6.1.1 | B38: Madera | C38: R29 | E38: R31 | G38: R34 | I38: R31 | K38: R31 | M38: R11 | O38: R29 | Q38: R35 | S38: R35 | U38: R34 | W38: R34 | Y38: =COUNTIF(C38:X38,">=R") -> 11 | Z38: =Y38 -> 11
A39: B.6.2.1 | B39: Acero galvanizado (0.35mm) | C39: R29 | E39: R31 | G39: R34 | I39: R34 | K39: R34 | M39: R10 | O39: R29 | Q39: R35 | S39: R35 | U39: R34 | W39: R34 | Y39: =COUNTIF(C39:X39,">=R") -> 11 | Z39: =Y39 -> 11
A40: B.6.3 | B40: Hojalatería
A41: B.6.3.1 | B41: Canales | Y41: =COUNTIF(C41:X41,">=R") -> 0 | Z41: =Y41 -> 0
A42: B.6.3.2 | B42: Bajadas y Hojalaterias | Y42: =COUNTIF(C42:X42,">=R") -> 0 | Z42: =Y42 -> 0
A43: B.6.EX.1 | B43: Caballete | C43: R29 | M43: R10 | O43: R29 | Q43: R35 | S43: R35 | U43: R34 | W43: R34 | Y43: =COUNTIF(C43:X43,">=R") -> 7 | Z43: =Y43 -> 7
A44: B.6.EX.2 | B44: Esquineros | E44: R37 | G44: R37 | M44: R15 | Q44: R31 | S44: R31 | U44: R31 | W44: R31 | Y44: =COUNTIF(C44:X44,">=R") -> 7 | Z44: =Y44 -> 7
A45: B.6.EX.3 | B45: Forro Terminal Alero | E45: R37 | G45: R36 | M45: R10 | Q45: R37 | S45: R37 | U45: R31 | W45: R31 | Y45: =COUNTIF(C45:X45,">=R") -> 7 | Z45: =Y45 -> 7
A46: B.6.EX.4 | B46: Forro Cortagotera Sobrecimento | C46: R29 | E46: R36 | G46: R36 | I46: R35 | K46: R35 | M46: R10 | O46: R29 | Q46: R31 | S46: R31 | U46: R31 | W46: R31 | Y46: =COUNTIF(C46:X46,">=R") -> 11 | Z46: =Y46 -> 11
A47: C.1 | B47: REVESTIMIENTOS MUROS Y TABIQUES
A48: C.1.1 | B48: Exterior
A49: C.1.1.2 | B49: Placas Smart Panel 11,1 mm tipo H | C49: R29 | E49: R36 | G49: R36 | I49: R35 | K49: R35 | M49: R16 | O49: R29 | Q49: R32 | S49: R32 | U49: R32 | W49: R32 | Y49: =COUNTIF(C49:X49,">=R") -> 11 | Z49: =Y49 -> 11
A50: C.1.1.3 | B50: Placas de fibrocemento 4 mm | Y50: =COUNTIF(C50:X50,">=R") -> 0 | Z50: =Y50 -> 0
A51: C.1.2 | B51: Interior zona seca
A52: C.1.2.2.1 | B52: Yeso cartón 10 mm | C52: R37 | O52: R37 | Y52: =COUNTIF(C52:X52,">=R") -> 2 | Z52: =Y52 -> 2
A53: C.1.2.2.2 | B53: Yeso cartón 15 mm (Adosamiento) | Y53: =COUNTIF(C53:X53,">=R") -> 0 | Z53: =Y53 -> 0
A54: C.1.3 | B54: Interior zona húmeda
A55: C.1.3.3 | B55: Fibrocemento 6 mm (Simplisima) | Y55: =COUNTIF(C55:X55,">=R") -> 0 | Z55: =Y55 -> 0
A56: C.2 | B56: AISLACION TERMICA MUROS (INCLUYE BARRERAS DE HUMEDAD Y VAPOR)
A57: C.2.1.2 | B57: Aislacion sobrecimiento 40 mm 15 kg/m3 | C57: R36 | E57: R37 | G57: R37 | I57: R37 | K57: R37 | O57: R36 | Q57: R37 | S57: R37 | U57: R36 | W57: R36 | Y57: =COUNTIF(C57:X57,">=R") -> 10 | Z57: =Y57 -> 10
A58: C.2.1.3 | B58: Aislacion madera 4x4 | Y58: =COUNTIF(C58:X58,">=R") -> 0 | Z58: =Y58 -> 0
A59: C.2.3.1 | B59: Lana de vidrio Muros Perimetrales 94 mm 11 kg/m3 | C59: R36 | O59: R36 | Y59: =COUNTIF(C59:X59,">=R") -> 2 | Z59: =Y59 -> 2
A60: C.2.3.1.B | B60: Lana de vidrio 50 mm 11 kg/m3 | Y60: =COUNTIF(C60:X60,">=R") -> 0 | Z60: =Y60 -> 0
A61: C.3 | B61: CIELO
A62: C.3.2 | B62: Estructura cielo falso
A63: C.3.2.1 | B63: Madera | C63: R35 | E63: R34 | G63: R34 | I63: R34 | K63: R35 | M63: R27 | O63: R35 | Q63: R32 | S63: R32 | U63: R32 | W63: R32 | Y63: =COUNTIF(C63:X63,">=R") -> 11 | Z63: =Y63 -> 11
A64: C.3.3 | B64: Revestimiento zona seca
A65: C.3.3.1 | B65: Yeso cartón 10 mm | C65: R37 | O65: R37 | Y65: =COUNTIF(C65:X65,">=R") -> 2 | Z65: =Y65 -> 2
A66: C.3.4 | B66: Revestimiento zona húmeda
A67: C.3.4.2 | B67: Yeso cartón 12.5 mm RH | Y67: =COUNTIF(C67:X67,">=R") -> 0 | Z67: =Y67 -> 0
A68: C.4 | B68: AISLACIÓN TÉRMICA CUBIERTA
A69: C.4.3.1 | B69: Lana de vidrio 160 mm 11 kg/m3 | C69: R36 | O69: R36 | Y69: =COUNTIF(C69:X69,">=R") -> 2 | Z69: =Y69 -> 2
A70: C.5 | B70: REVESTIMIENTO PISOS
A71: C.5.1.3 | B71: Cerámica Antideslizante (piso) | M71: R25 | Y71: =COUNTIF(C71:X71,">=R") -> 1 | Z71: =Y71 -> 1
A72: C.5.4 | B72: Piso Flotante 6mm | Y72: =COUNTIF(C72:X72,">=R") -> 0 | Z72: =Y72 -> 0
A73: C.7 | B73: ESCALERA INTERIOR
A74: C.7.1 | B74: Escalera (estructura, peldaños, baranda y pasamanos) | Y74: =COUNTIF(C74:X74,">=R") -> 0 | Z74: =Y74 -> 0
A75: C.8 | B75: ALEROS Y FRONTONES
A76: C.8.1.1 | B76: Madera Frontones y Aleros | C76: R29 | E76: R36 | G76: R36 | I76: R35 | K76: R35 | M76: R16 | O76: R29 | Q76: R32 | S76: R32 | U76: R32 | W76: R32 | Y76: =COUNTIF(C76:X76,">=R") -> 11 | Z76: =Y76 -> 11
A77: C.8.2 | B77: Revestimiento
A78: C.8.2.3 | B78: Madera placas frontones smart panel H 11.1mm | C78: R29 | E78: R36 | G78: R36 | I78: R35 | K78: R35 | M78: R16 | O78: R29 | Q78: R32 | S78: R32 | U78: R32 | W78: R32 | Y78: =COUNTIF(C78:X78,">=R") -> 11 | Z78: =Y78 -> 11
A79: C.8.3 | B79: Rejillas de ventilacion | Y79: =COUNTIF(C79:X79,">=R") -> 0 | Z79: =Y79 -> 0
A80: C.8.3.1 | B80: Rejilla de ventilacion adicional (Cocina) | Y80: =COUNTIF(C80:X80,">=R") -> 0 | Z80: =Y80 -> 0
A81: C.8.4 | B81: Tapacan (Smart Panel) | C81: R29 | M81: R25 | O81: R29 | Q81: R32 | S81: R32 | U81: R32 | W81: R32 | Y81: =COUNTIF(C81:X81,">=R") -> 7 | Z81: =Y81 -> 7
A82: C.8.5.1 | B82: Fibrocemento 4 mm (Rev. Alero) | M82: R16 | Q82: R32 | S82: R32 | U82: R32 | W82: R32 | Y82: =COUNTIF(C82:X82,">=R") -> 5 | Z82: =Y82 -> 5
A83: C.9 | B83: PUERTAS Y VENTANAS
A84: C.9.1 | B84: Marcos
A85: C.9.1.1 | B85: Madera | Y85: =COUNTIF(C85:X85,">=R") -> 0 | Z85: =Y85 -> 0
A86: C.9.2 | B86: Puertas interiores
A87: C.9.2.1 | B87: Puerta ancho 70 | Y87: =COUNTIF(C87:X87,">=R") -> 0 | Z87: =Y87 -> 0
A88: C.9.2.4 | B88: Puerta ancho 85 | Y88: =COUNTIF(C88:X88,">=R") -> 0 | Z88: =Y88 -> 0
A89: C.9.3 | B89: Puerta exteriores
A90: C.9.3.1 | B90: Puerta ancho 80 (Metalica) | Y90: =COUNTIF(C90:X90,">=R") -> 0 | Z90: =Y90 -> 0
A91: C.9.3.2 | B91: Puerta ancho 85 (Metalica) | Y91: =COUNTIF(C91:X91,">=R") -> 0 | Z91: =Y91 -> 0
A92: C.9.4 | B92: Quincallería (incluye chapas, perillas, bisagras y topes)
A93: C.9.4.1 | B93: Puerta principal | Y93: =COUNTIF(C93:X93,">=R") -> 0 | Z93: =Y93 -> 0
A94: C.9.4.2 | B94: Baño | Y94: =COUNTIF(C94:X94,">=R") -> 0 | Z94: =Y94 -> 0
A95: C.9.4.3 | B95: Interior | Y95: =COUNTIF(C95:X95,">=R") -> 0 | Z95: =Y95 -> 0
A96: C.9.4.4 | B96: Exterior cocina | Y96: =COUNTIF(C96:X96,">=R") -> 0 | Z96: =Y96 -> 0
A97: C.9.5 | B97: Ventanas (incluye quincallería)
A98: C.9.5.2 | B98: PVC TERMOPANEL | C98: R33 | M98: R11 | O98: R33 | Q98: R33 | S98: R33 | U98: R33 | W98: R33 | Y98: =COUNTIF(C98:X98,">=R") -> 7 | Z98: =Y98 -> 7
A99: C.10 | B99: MOLDURAS
A100: C.10.1 | B100: Guardapolvos | Y100: =COUNTIF(C100:X100,">=R") -> 0 | Z100: =Y100 -> 0
A101: C.10.2 | B101: Cornisas | Y101: =COUNTIF(C101:X101,">=R") -> 0 | Z101: =Y101 -> 0
A102: C.11 | B102: PINTURAS
A103: C.11.1 | B103: Óleo | Y103: =COUNTIF(C103:X103,">=R") -> 0 | Z103: =Y103 -> 0
...

Sheet SALA MULTIUSO
B1: SERVIU REGION DE LA ARAUCANIA | C1: CUADRO RESUMEN DE CONTROL RECEPCIONADO
A4: OBRA | B4: CAMPOS DEL SUR II | C4: FECHA | F4: 45966 | I4: R16 | J4: 45905
A5: COMUNA | B5: RENAICO | I5: R17 | J5: 45912
A6: CONTRATISTA | B6: CONSTRUCTORA CIMOL S.P.A
A7: RESIDENTE DE OBRA | B7: EDGAR MORALES ALARCON
A8: AUTOCONTROL | B8: MICHEL BERGER HUICHANAO
A9: E.P. | B9: PLAN SOCIAL | C9: VERSION | F9: 1.0
A10: S.A.T. | B10: OBED CEA LONCONADO
A11: F.T.O. | B11: MAURICIO DIAZ BARRA
A12: CODIGO | B12: 182948
A14: ITEM | B14: DESIGNACIÓN | C14: UBICACIÓN
C15: SALA MULTIUSO
C16: 1 | E16: T. REV | F16: TOTAL
A17: B | B17: OBRA GRUESA | C17: AT | D17: RV
A18: B.1 | B18: FUNDACIONES
A19: B.1.1 | B19: Replanteo, trazado y niveles | C19: R16 | E19: 1
A20: B.1.2 | B20: Excavación | C20: R16 | E20: 1
A21: B.1.3 | B21: Emplantillado (G5) | C21: R16 | E21: 1
A22: B.1.4 | B22: Hormigón cimientos (G10) | C22: R16 | E22: 1
A23: B.1.5 | B23: Hormigón sobrecimientos (G17) | C23: R17 | E23: 1
A24: B.1.6 | B24: Enfierradura | C24: R17 | E24: 1
A25: B.1.7 | B25: Moldajes | C25: R17 | E25: 1
A26: B.2 | B26: RADIER
A27: B.2.1 | B27: Base (Cama de ripio) e=0,08 mts | C27: R17 | E27: 1
A28: B.2.2 | B28: Hormigón (G-17) | C28: R17 | E28: 1
A29: B.3 | B29: MUROS 1 piso
A30: B.3.3 | B30: Madera
A31: B.3.3.1 | B31: Entramado Estructural
A32: B.3.3.2 | B32: Entramado No Estructural
A33: B.6 | B33: CUBIERTA
A34: B.6.1 | B34: Estructura (inc. Costaneras)
A35: B.6.1.1 | B35: Madera
A36: B.6.2 | B36: Cubierta (inc. Cumbreras)
A37: B.6.2.1 | B37: Acero galvanizado (0.35mm)
A38: B.6.3 | B38: Hojalatería
A39: B.6.3.1 | B39: Canales
A40: B.6.3.2 | B40: Bajadas y Hojalaterias
... A134: D.3 | B134: RED ALCANTARILLADO
A135: D.3.1 | B135: UD | C135: R35
A136: D.3.2 | B136: Red interior | C136: R35
A137: D.3.4 | B137: Cámara de inspeccion
A138: D.4 | B138: INSTALACIONES ELECTRICAS
A139: D.4.1 | B139: Medidor y Empalmes (Viviendas)
A140: D.4.2 | B140: Tablero (automaticos, protecciones, etc)
A141: D.4.4 | B141: Puesta a tierra
A142: D.4.5 | B142: Red interior
A143: D.5 | B143: INSTALACIONES DE GAS
A144: D.5.3 | B144: Red interior
A145: D.5.4 | B145: Calefón
A146: D.5.5 | B146: Nicho para cilindros
A147: D.5.6 | B147: Ductos Ventilación y Evacuación gases
A148: D.EX | B148: PARTIDAS DE OBRAS DE INSTALACIONES AGREGADAS POR LA EMPRESA
A149: D.EX.1 | B149: Extractor de aire
B159: ADMINISTRADOR DE OBRA | D159: AUTOCONTROL | N159: F.T.O | V159: S.A.T.
B160: EDGAR MORALES ALARCON | D160: MICHEL BERGER HUICHANAO | N160: MAURICIO DIAZ BARRA | V160: OBED CEA LONCONADO

Sheet RESUMEN
B1: SERVIU REGION DE LA ARAUCANIA | C1: CUADRO RESUMEN DE CONTROL RECEPCIONADO
A4: OBRA | B4: CAMPOS DEL SUR II | C4: FECHA | G4: 45939
A5: COMUNA | B5: RENAICO
A6: CONTRATISTA | B6: CONSTRUCTORA CIMOL S.P.A
A7: RESIDENTE DE OBRA | B7: EDGAR MORALES ALARCON
A8: AUTOCONTROL | B8: IGNACIO MEDINA MEDINA
A9: AUTOCONTROL | B9: MICHEL BERGER HUICHANAO
A10: E.P. | B10: PLAN SOCIAL | C10: VERSION | G10: 1.0
A11: S.A.T. | B11: OBED CEA LONCONADO
A12: F.T.O. | B12: MAURICIO DIAZ BARRA
A13: CODIGO | B13: 182948
A15: ITEM | B15: DESIGNACIÓN | C15: UBICACIÓN:
C16: MANZANA | AA16: SEDE SOCIAL | AG16: TOTAL
C17: MZ-A | E17: MZ-B | G17: MZ-C | I17: MZ-D | K17: MZ-E | M17: MZ-F | O17: MZ-G | Q17: MZ-H | S17: MZ-I | U17: MZ-J | W17: MZ-K | Y17: MZ-L | AA17: SALA MULTIUSO
A18: B | B18: OBRA GRUESA
A19: B.1 | B19: FUNDACIONES
A20: B.1.1 | B20: Replanteo, trazado y niveles | C20: ='MANZ. A'!H22 | E20: ='MANZ. B'!R20 -> 5 | G20: =MANZ.C!#REF! -> #ERROR! | I20: =MANZ.D!#REF! -> #ERROR! | K20: =MANZ.E!#REF! -> #ERROR! | M20: =MANZ.F!#REF! -> #ERROR! | O20: =MANZ.G!#REF! -> #ERROR! | Q20: =MANZ.H!#REF! -> #ERROR! | S20: =MANZ.I!#REF! -> #ERROR! | U20: =MANZ.J!#REF! -> #ERROR! | W20: =MANZ.K!#REF! -> #ERROR! | Y20: =MANZ.L!#REF! -> #ERROR! | AA20: ='SALA MULTIUSO'!F19 | AG20: =SUM(C20:AF20) -> #ERROR!
A21: B.1.2 | B21: Excavación | C21: ='MANZ. A'!H23 | E21: ='MANZ. B'!R21 -> 5 | G21: =MANZ.C!#REF! -> #ERROR! | I21: =MANZ.D!#REF! -> #ERROR! | K21: =MANZ.E!#REF! -> #ERROR! | M21: =MANZ.F!#REF! -> #ERROR! | O21: =MANZ.G!#REF! -> #ERROR! | Q21: =MANZ.H!#REF! -> #ERROR! | S21: =MANZ.I!#REF! -> #ERROR! | U21: =MANZ.J!#REF! -> #ERROR! | W21: =MANZ.K!#REF! -> #ERROR! | Y21: =MANZ.L!#REF! -> #ERROR! | AA21: ='SALA MULTIUSO'!F20 | AG21: =SUM(#REF!) -> #REF!
A22: B.1.3 | B22: Emplantillado (G5) | C22: ='MANZ. A'!H24 | E22: ='MANZ. B'!R22 -> 5 | G22: =MANZ.C!#REF! -> #ERROR! | I22: =MANZ.D!#REF! -> #ERROR! | K22: =MANZ.E!#REF! -> #ERROR! | M22: =MANZ.F!#REF! -> #ERROR! | O22: =MANZ.G!#REF! -> #ERROR! | Q22: =MANZ.H!#REF! -> #ERROR! | S22: =MANZ.I!#REF! -> #ERROR! | U22: =MANZ.J!#REF! -> #ERROR! | W22: =MANZ.K!#REF! -> #ERROR! | Y22: =MANZ.L!#REF! -> #ERROR! | AA22: ='SALA MULTIUSO'!F21 | AG22: =SUM(#REF!) -> #REF!
A23: B.1.4 | B23: Hormigón cimientos (G10) | C23: ='MANZ. A'!H25 | E23: ='MANZ. B'!R23 -> 5 | G23: =MANZ.C!#REF! -> #ERROR! | I23: =MANZ.D!#REF! -> #ERROR! | K23: =MANZ.E!#REF! -> #ERROR! | M23: =MANZ.F!#REF! -> #ERROR! | O23: =MANZ.G!#REF! -> #ERROR! | Q23: =MANZ.H!#REF! -> #ERROR! | S23: =MANZ.I!#REF! -> #ERROR! | U23: =MANZ.J!#REF! -> #ERROR! | W23: =MANZ.K!#REF! -> #ERROR! | Y23: =MANZ.L!#REF! -> #ERROR! | AA23: ='SALA MULTIUSO'!F22 | AG23: =SUM(#REF!) -> #REF!
A24: B.1.5 | B24: Hormigón sobrecimientos (G17) | C24: ='MANZ. A'!H26 | E24: ='MANZ. B'!R24 -> 5 | G24: =MANZ.C!#REF! -> #ERROR! | I24: =MANZ.D!#REF! -> #ERROR! | K24: =MANZ.E!#REF! -> #ERROR! | M24: =MANZ.F!#REF! -> #ERROR! | O24: =MANZ.G!#REF! -> #ERROR! | Q24: =MANZ.H!#REF! -> #ERROR! | S24: =MANZ.I!#REF! -> #ERROR! | U24: =MANZ.J!#REF! -> #ERROR! | W24: =MANZ.K!#REF! -> #ERROR! | Y24: =MANZ.L!#REF! -> #ERROR! | AA24: ='SALA MULTIUSO'!F23 | AG24: =SUM(#REF!) -> #REF!
A25: B.1.6 | B25: Enfierradura | C25: ='MANZ. A'!H27 | E25: ='MANZ. B'!R25 -> 5 | G25: =MANZ.C!#REF! -> #ERROR! | I25: =MANZ.D!#REF! -> #ERROR! | K25: =MANZ.E!#REF! -> #ERROR! | M25: =MANZ.F!#REF! -> #ERROR! | O25: =MANZ.G!#REF! -> #ERROR! | Q25: =MANZ.H!#REF! -> #ERROR! | S25: =MANZ.I!#REF! -> #ERROR! | U25: =MANZ.J!#REF! -> #ERROR! | W25: =MANZ.K!#REF! -> #ERROR! | Y25: =MANZ.L!#REF! -> #ERROR! | AA25: ='SALA MULTIUSO'!F24 | AG25: =SUM(#REF!) -> #REF!
A26: B.1.7 | B26: Moldajes | C26: ='MANZ. A'!H28 | E26: ='MANZ. B'!R26 -> 5 | G26: =MANZ.C!#REF! -> #ERROR! | I26: =MANZ.D!#REF! -> #ERROR! | K26: =MANZ.E!#REF! -> #ERROR! | M26: =MANZ.F!#REF! -> #ERROR! | O26: =MANZ.G!#REF! -> #ERROR! | Q26: =MANZ.H!#REF! -> #ERROR! | S26: =MANZ.I!#REF! -> #ERROR! | U26: =MANZ.J!#REF! -> #ERROR! | W26: =MANZ.K!#REF! -> #ERROR! | Y26: =MANZ.L!#REF! -> #ERROR! | AA26: ='SALA MULTIUSO'!F25 | AG26: =SUM(#REF!) -> #REF!
A27: B.2 | B27: RADIER
A28: B.2.1 | B28: Base (Cama de ripio) e=0,08 mts | C28: ='MANZ. A'!H30 | E28: ='MANZ. B'!R18 | G28: =MANZ.C!AL17 | I28: =MANZ.D!Z17 | K28: =MANZ.E!AL18 | M28: =MANZ.F!AB17 | O28: =MANZ.G!AT20 | Q28: =MANZ.H!V18 | S28: =MANZ.I!AB18 | U28: =MANZ.J!AT21 | W28: =MANZ.K!AB18 | Y28: =MANZ.L!Z18 | AA28: ='SALA MULTIUSO'!F27 | AG28: =SUM(C18:AA18) -> 0
A29: B.2.2 | B29: Hormigón (G15) | C29: ='MANZ. A'!H31 | E29: ='MANZ. B'!R19 | G29: =MANZ.C!AL18 | I29: =MANZ.D!Z18 | K29: =MANZ.E!AL18 | M29: =MANZ.F!AB18 | O29: =MANZ.G!AT21 | Q29: =MANZ.H!V19 | S29: =MANZ.I!AB19 | U29: =MANZ.J!AT22 | W29: =MANZ.K!AB19 | Y29: =MANZ.L!Z19 | AA29: ='SALA MULTIUSO'!F28 | AG29: =SUM(C19:AA19) -> 0
A30: B.3 | B30: MUROS 1 piso
A31: B.3.3.1 | B31: Entramado Estructural | C31: ='MANZ. A'!H33 | E31: ='MANZ. B'!R22 -> 5 | G31: =MANZ.C!AL21 -> 17 | I31: =MANZ.D!Z21 -> 11 | K31: =MANZ.E!AK22 -> 17 | M31: =MANZ.F!AB21 -> 12 | O31: =MANZ.G!AT23 -> 19 | Q31: =MANZ.H!V22 -> 9 | S31: =MANZ.I!AB22 -> 12 | U31: =MANZ.J!AT25 -> 21 | W31: =MANZ.K!AB22 -> 12 | Y31: =MANZ.L!Z22 -> 11 | AA31: ='SALA MULTIUSO'!F31 | AG31: =SUM(C22:AA22) -> #ERROR!
A32: B.4 | B32: ESTRUCTURA HORIZONTAL (ENTREPISO)
A33: B.4.4.1 | B33: Madera | C33: ='MANZ. A'!H35 | E33: ='MANZ. B'!R25 -> 5 | G33: =MANZ.C!AL24 -> 17 | I33: =MANZ.D!Z24 -> 11 | K33: =MANZ.E!AK25 -> 17 | M33: =MANZ.F!AB24 -> 11 | O33: =MANZ.G!AT25 -> 19 | Q33: =MANZ.H!V25 -> 9 | S33: =MANZ.I!AB25 -> 12 | U33: =MANZ.J!AT28 -> 21 | W33: =MANZ.K!AB25 -> 12 | Y33: =MANZ.L!Z25 -> 11 | AA33: ='SALA MULTIUSO'!F34 | AG33: =SUM(C25:AA25) -> #ERROR!
A34: B.4.4.2 | B34: Terciado estructural (15mm) | O34: =MANZ.G!AS30 -> 19 | AG34: =SUM(C35:AA35) -> 0
A35: B.5 | B35: MUROS 2 piso
A36: B.5.3.1 | B36: Entramado Estructural (2do P) | C36: ='MANZ. A'!H38 | E36: ='MANZ. B'!R29 -> 5 | G36: =MANZ.C!AL28 -> 17 | I36: =MANZ.D!Z28 -> 11 | K36: =MANZ.E!AK29 -> 17 | M36: =MANZ.F!AB28 -> 12 | O36: =MANZ.G!AT28 -> 19 | Q36: =MANZ.H!V29 -> 9 | S36: =MANZ.I!AB29 -> 12 | U36: =MANZ.J!AS32 -> 21 | W36: =MANZ.K!AB29 -> 12 | Y36: =MANZ.L!Z29 -> 11 | AA36: ='SALA MULTIUSO'!F38 | AG36: =SUM(C29:AA29) -> 0
A37: B.6 | B37: CUBIERTA
A38: B.6.1.1 | B38: Madera | C38: ='MANZ. A'!H40 | E38: ='MANZ. B'!R32 | G38: =MANZ.C!AL31 | I38: =MANZ.D!Z31 | K38: =MANZ.E!AK32 | M38: =MANZ.F!AB31 | O38: =MANZ.G!AT30 -> 19 | Q38: =MANZ.H!V32 | S38: =MANZ.I!AB32 | U38: =MANZ.J!AT35 | W38: =MANZ.K!AB32 | Y38: =MANZ.L!Z32 | AA38: ='SALA MULTIUSO'!F41 | AG38: =SUM(C32:AA32) -> 0
A39: B.6.2.1 | B39: Acero galvanizado (0.35mm) | C39: ='MANZ. A'!H41 | E39: ='MANZ. B'!R34 | G39: =MANZ.C!AL33 -> 17 | I39: =MANZ.D!Z33 -> 10 | K39: =MANZ.E!AK34 -> 15 | M39: =MANZ.F!AB33 -> 10 | O39: =MANZ.G!AT32 | Q39: =MANZ.H!V34 -> 9 | S39: =MANZ.I!AB34 -> 10 | U39: =MANZ.J!AS37 -> 19 | W39: =MANZ.K!AB34 -> 10 | Y39: =MANZ.L!Z34 -> 9 | AA39: ='SALA MULTIUSO'!F43 | AG39: =SUM(C34:AA34) -> 19
A40: B.6.3 | B40: Hojalatería
A41: B.6.3.1 | B41: Canales | C41: ='MANZ. A'!H43 | E41: ='MANZ. B'!R36 -> 5 | G41: =MANZ.C!AL35 -> 17 | I41: =MANZ.D!Z35 -> 10 | K41: =MANZ.E!AL35 | M41: =MANZ.F!AB35 -> 10 | O41: =MANZ.G!AT34 | Q41: =MANZ.H!V36 -> 9 | S41: =MANZ.I!AB36 -> 10 | U41: =MANZ.J!AT39 -> 19 | W41: =MANZ.K!AB36 -> 10 | Y41: =MANZ.L!Z36 -> 9 | AA41: ='SALA MULTIUSO'!F45 | AG41: =SUM(C36:AA36) -> 146
A42: B.6.3.2 | B42: Bajadas y Hojalaterias | C42: ='MANZ. A'!H44 | E42: ='MANZ. B'!R37 | G42: =MANZ.C!AL36 | I42: =MANZ.D!Z36 | K42: =MANZ.E!AL36 -> 15 | M42: =MANZ.F!AB36 | O42: =MANZ.G!AT35 -> 18 | Q42: =MANZ.H!V37 | S42: =MANZ.I!AB37 | U42: =MANZ.J!AT40 | W42: =MANZ.K!AB37 | Y42: =MANZ.L!Z37 | AA42: ='SALA MULTIUSO'!F46
A43: B.6.EX.1 | B43: Caballete | C43: ='MANZ. A'!H45 | E43: ='MANZ. B'!R38 -> 0 | G43: =MANZ.C!AL37 -> 17 | I43: =MANZ.D!Z37 -> 11 | K43: =MANZ.E!AK38 -> 15 | M43: =MANZ.F!AB37 -> 12 | O43: =MANZ.G!AT36 -> 18 | Q43: =MANZ.H!V38 -> 9 | S43: =MANZ.I!AB38 -> 12 | U43: =MANZ.J!AT41 -> 20 | W43: =MANZ.K!AB38 -> 12 | Y43: =MANZ.L!Z38 -> 11 | AA43: ='SALA MULTIUSO'!F47 | AG43: =SUM(C38:AA38)-3 -> 16
A44: B.6.EX.2 | B44: Esquineros | C44: ='MANZ. A'!H46 | E44: ='MANZ. B'!R39 -> 0 | G44: =MANZ.C!AL38 -> 17 | I44: =MANZ.D!Z38 -> 11 | K44: =MANZ.E!AK39 -> 15 | M44: =MANZ.F!AB38 -> 12 | O44: =MANZ.G!AT37 | Q44: =MANZ.H!V39 -> 9 | S44: =MANZ.I!AB39 -> 12 | U44: =MANZ.J!AT42 -> 20 | W44: =MANZ.K!AB39 -> 12 | Y44: =MANZ.L!Z39 -> 11 | AA44: ='SALA MULTIUSO'!F48 | AG44: =SUM(C39:AA39) -> 109
A45: B.6.EX.3 | B45: Forro Terminal Alero | C45: ='MANZ. A'!H47 | E45: ='MANZ. B'!R40 -> 0 | G45: =MANZ.C!AK39 | I45: =MANZ.D!Z39 | K45: =MANZ.E!AL40 -> 0 | M45: =MANZ.F!AB39 | O45: =MANZ.G!AS38 -> 18 | Q45: =MANZ.H!V40 | S45: =MANZ.I!AB40 | U45: =MANZ.J!AT43 | W45: =MANZ.K!AB40 | Y45: =MANZ.L!Z40 | AA45: ='SALA MULTIUSO'!F49 | AG45: =SUM(C40:AA40) -> 0
A46: B.6.EX.4 | B46: Forro Cortagotera Sobrecimento | C46: ='MANZ. A'!H48 | E46: ='MANZ. B'!R41 -> 0 | G46: =MANZ.C!AL40 -> 17 | I46: =MANZ.D!Z40 -> 11 | K46: =MANZ.E!AK41 -> 15 | M46: =MANZ.F!AB40 -> 10 | O46: =MANZ.G!AT39 | Q46: =MANZ.H!V41 -> 0 | S46: =MANZ.I!AB41 -> 0 | U46: =MANZ.J!AT44 -> 0 | W46: =MANZ.K!AB41 -> 0 | Y46: =MANZ.L!Z41 -> 0 | AA46: ='SALA MULTIUSO'!F50 | AG46: =SUM(C41:AA41) -> 99
A47: C.1 | B47: REVESTIMIENTOS MUROS Y TABIQUES
A48: C.1.1 | B48: Exterior
A49: C.1.1.2 | B49: Placas Smart Panel 11,1 mm tipo H | C49: ='MANZ. A'!H51 | E49: ='MANZ. B'!R45 -> 0 | G49: =MANZ.C!AL44 -> 17 | I49: =MANZ.D!Z44 -> 11 | K49: =MANZ.E!AK45 -> 15 | M49: =MANZ.F!AA44 -> 12 | O49: =MANZ.G!AT43 -> 18 | Q49: =MANZ.H!V45 -> 9 | S49: =MANZ.I!AB45 -> 11 | U49: =MANZ.J!AS48 -> 20 | W49: =MANZ.K!AB45 -> 10 | Y49: =MANZ.L!Z45 -> 7 | AA49: ='SALA MULTIUSO'!F54 | AG49: =SUM(C45:AA45) -> 18
A50: C.1.1.3 | B50: Placas de fibrocemento 4 mm | C50: ='MANZ. A'!H52 | E50: ='MANZ. B'!R46 -> 0 | G50: =MANZ.C!AL45 -> 17 | I50: =MANZ.D!Z45 -> 11 | K50: =MANZ.E!AL46 -> 15 | M50: =MANZ.F!AB45 -> 12 | O50: =MANZ.G!AT44 -> 0 | Q50: =MANZ.H!V46 -> 9 | S50: =MANZ.I!AB46 -> 11 | U50: =MANZ.J!AT49 -> 20 | W50: =MANZ.K!AB46 -> 10 | Y50: =MANZ.L!Z46 -> 11 | AA50: ='SALA MULTIUSO'!F55 | AG50: =C46+E46+G46+I46+K46+M46+O46+Q46+S46+U46+W46+Y46 -> 53
A51: C.1.2 | B51: Interior zona seca
A52: C.1.2.2.1 | B52: Yeso cartón 10 mm | C52: ='MANZ. A'!H54 | E52: ='MANZ. B'!R48 -> 0 | G52: =MANZ.C!AL47 -> 0 | I52: =MANZ.D!Z47 -> 0 | K52: =MANZ.E!AL48 -> 0 | M52: =MANZ.F!AB47 -> 0 | O52: =MANZ.G!AT46 -> 18 | Q52: =MANZ.H!V48 | S52: =MANZ.I!AB48 | U52: =MANZ.J!AT51 | W52: =MANZ.K!AB48 | Y52: =MANZ.L!Z48 | AA52: ='SALA MULTIUSO'!F57 | AG52: =SUM(C48:AA48) -> 0
A53: C.1.2.2.2 | B53: Yeso cartón 15 mm (Adosamiento) | C53: ='MANZ. A'!H55 | E53: ='MANZ. B'!R49 -> 0 | G53: =MANZ.C!AL48 -> 17 | I53: =MANZ.D!Z48 -> 11 | K53: =MANZ.E!AL48 -> 0 | M53: =MANZ.F!AB48 -> 12 | O53: =MANZ.G!AT47 -> 18 | Q53: =MANZ.H!V49 -> 9 | S53: =MANZ.I!AB49 -> 11 | U53: =MANZ.J!AT52 -> 20 | W53: =MANZ.K!AB49 -> 10 | Y53: =MANZ.L!Z49 -> 11 | AA53: ='SALA MULTIUSO'!F58 | AG53: =SUM(C49:AA49) -> 130
A54: C.1.3 | B54: Interior zona húmeda
A55: C.1.3.3 | B55: Fibrocemento 6 mm (Simplisima) | O55: =MANZ.G!AS51 -> 18 | AG55: =SUM(C56:AA56) -> 0
A56: C.2 | B56: AISLACION TERMICA MUROS (INCLUYE BARRERAS DE HUMEDAD Y VAPOR)
A57: C.2.1.2 | B57: Aislacion sobrecimiento 40 mm 15 kg/m3 | C57: ='MANZ. A'!H59 | E57: ='MANZ. B'!R53 -> 0 | G57: =MANZ.C!AL52 -> 17 | I57: =MANZ.D!Z52 -> 7 | K57: =MANZ.E!AL53 -> 6 | M57: =MANZ.F!AB52 -> 8 | O57: =MANZ.G!AT51 -> 18 | Q57: =MANZ.H!V53 -> 9 | S57: =MANZ.I!AB53 -> 10 | U57: =MANZ.J!AT56 -> 16 | W57: =MANZ.K!AB53 -> 10 | Y57: =MANZ.L!Z53 -> 0 | AA57: ='SALA MULTIUSO'!F62 | AG57: =SUM(C53:AA53) -> 119
A58: C.2.1.3 | B58: Aislacion madera 4x4 | C58: ='MANZ. A'!H60 | E58: ='MANZ. B'!R54 -> 0 | G58: =MANZ.C!AL53 | I58: =MANZ.D!Z53 -> 0 | M58: =MANZ.F!AB53 -> 0 | O58: =MANZ.G!AT52 -> 18 | Q58: =MANZ.H!V54 -> 0 | S58: =MANZ.I!AB54 -> 0 | U58: =MANZ.J!AT57 | W58: =MANZ.K!AB54 | Y58: =MANZ.L!Z54 | AA58: ='SALA MULTIUSO'!F63 | AG58: =SUM(C54:AA54) -> 0
A59: C.2.3.1 | B59: Lana de vidrio Muros Perimetrales 94 mm 11 kg/m3 | C59: ='MANZ. A'!H61 | E59: ='MANZ. B'!R56 | G59: =MANZ.C!AL55 | I59: =MANZ.D!Z55 | K59: =MANZ.E!AL56 | M59: =MANZ.F!AB55 | O59: =MANZ.G!AT54 -> 18 | Q59: =MANZ.H!V56 | S59: =MANZ.I!AB56 | U59: =MANZ.J!AT59 | W59: =MANZ.K!AB56 | Y59: =MANZ.L!Z56 | AA59: ='SALA MULTIUSO'!F65 | AG59: =SUM(C56:AA56) -> 0
A60: C.2.3.1.B | B60: Lana de vidrio 50 mm 11 kg/m3 | C60: ='MANZ. A'!H62 | E60: ='MANZ. B'!R57 -> 0 | G60: =MANZ.C!AL56 -> 17 | I60: =MANZ.D!Z56 -> 7 | M60: =MANZ.F!AB56 -> 10 | O60: =MANZ.G!AT55 -> 18 | Q60: =MANZ.H!V57 -> 9 | S60: =MANZ.I!AB57 -> 10 | U60: =MANZ.J!AT60 -> 17 | W60: =MANZ.K!AB57 -> 11 | Y60: =MANZ.L!Z57 -> 10 | AA60: ='SALA MULTIUSO'!F66 | AG60: =SUM(C57:AA57) -> 101
A61: C.3 | B61: CIELO
A62: C.3.2 | B62: Estructura cielo falso
A63: C.3.2.1 | B63: Madera | C63: ='MANZ. A'!H65 | E63: ='MANZ. B'!#REF! -> #ERROR! | G63: =MANZ.C!#REF! -> #ERROR! | I63: =MANZ.D!#REF! -> #ERROR! | K63: =MANZ.E!#REF! -> #ERROR! | M63: =MANZ.F!#REF! -> #ERROR! | O63: =MANZ.G!AT59 -> 18 | Q63: =MANZ.H!#REF! -> #ERROR! | S63: =MANZ.I!#REF! -> #ERROR! | U63: =MANZ.J!#REF! -> #ERROR! | W63: =MANZ.K!#REF! -> #ERROR! | Y63: =MANZ.L!#REF! -> #ERROR! | AA63: ='SALA MULTIUSO'!F70 | AG63: =SUM(#REF!) -> #REF!
A64: C.3.3 | B64: Revestimiento zona seca
A65: C.3.3.1 | B65: Yeso cartón 10 mm | C65: ='MANZ. A'!H67 | E65: ='MANZ. B'!R62 -> 0 | G65: =MANZ.C!AL61 | I65: =MANZ.D!Z61 -> 0 | K65: =MANZ.E!AL62 -> 0 | M65: =MANZ.F!AB61 -> 0 | O65: =MANZ.G!AT61 -> 18 | Q65: =MANZ.H!V62 | S65: =MANZ.I!AB62 | U65: =MANZ.J!AT65 | W65: =MANZ.K!AB62 | Y65: =MANZ.L!Z62 | AA65: ='SALA MULTIUSO'!F72 | AG65: =SUM(C62:AA62) -> 0
A66: C.3.4 | B66: Revestimiento zona húmeda
A67: C.3.4.2 | B67: Yeso cartón 12.5 mm RH | C67: ='MANZ. A'!H69 | E67: ='MANZ. B'!R66 -> 0 | G67: =MANZ.C!AL65 -> 0 | I67: =MANZ.D!Z65 | K67: =MANZ.E!AL66 -> 0 | M67: =MANZ.F!AB65 | O67: =MANZ.G!#REF! -> #ERROR! | Q67: =MANZ.H!V66 | S67: =MANZ.I!AB64 | U67: =MANZ.J!AT69 | W67: =MANZ.K!AB66 | Y67: =MANZ.L!Z66 | AA67: ='SALA MULTIUSO'!F76 | AG67: =SUM(C64:AA64) -> 0
A68: C.4 | B68: AISLACIÓN TÉRMICA CUBIERTA
A69: C.4.3.1 | B69: Lana de vidrio 160 mm 11 kg/m3 | C69: ='MANZ. A'!H71 | E69: ='MANZ. B'!R69 -> 0 | G69: =MANZ.C!AL68 -> 17 | I69: =MANZ.D!Z68 -> 7 | K69: =MANZ.E!AL69 -> 10 | M69: =MANZ.F!AB68 -> 8 | O69: =MANZ.G!AS65 -> 18 | Q69: =MANZ.H!V69 -> 9 | S69: =MANZ.I!AB67 -> 10 | U69: =MANZ.J!AT72 -> 20 | W69: =MANZ.K!AB69 -> 10 | Y69: =MANZ.L!Z69 -> 2 | AA69: ='SALA MULTIUSO'!F79 | AG69: =SUM(C67:AA67) -> #ERROR!
A70: C.5 | B70: REVESTIMIENTO PISOS
A71: C.5.1.3 | B71: Cerámica Antideslizante (piso) | G71: =MANZ.C!AL71 -> 17 | I71: =MANZ.D!Z71 -> 3 | K71: =MANZ.E!AL72 -> 8 | M71: =MANZ.F!AB71 -> 8 | O71: =MANZ.G!AS68 | Q71: =MANZ.H!V72 -> 9 | S71: =MANZ.I!AB70 | U71: =MANZ.J!AT75 -> 17 | W71: =MANZ.K!AB72 -> 10 | Y71: =MANZ.L!Z72 -> 0 | AG71: =SUM(C70:AA70) -> 0
A72: C.5.4 | B72: Piso Flotante 6mm | G72: =MANZ.C!#REF! -> #ERROR! | I72: =MANZ.D!#REF! -> #ERROR! | M72: =MANZ.F!#REF! -> #ERROR! | O72: =MANZ.G!AS69 -> 17 | Q72: =MANZ.H!#REF! -> #ERROR! | S72: =MANZ.I!AB71 -> 10 | U72: =MANZ.J!#REF! -> #ERROR! | W72: =MANZ.K!#REF! -> #ERROR! | AG72: =SUM(C71:AA71) -> 72
A73: C.7 | B73: ESCALERA INTERIOR
A74: C.7.1 | B74: Escalera (estructura, peldaños, baranda y pasamanos) | G74: =MANZ.C!AL74 | K74: =MANZ.E!AL75 | M74: =MANZ.F!AB74 | O74: =MANZ.G!AS73 -> 17 | Q74: =MANZ.H!V75 | S74: =MANZ.I!AB73 | U74: =MANZ.J!AT78 | W74: =MANZ.K!AB75 | AG74: =SUM(C73:AA73) -> 0
A75: C.8 | B75: ALEROS Y FRONTONES
A76: C.8.1.1 | B76: Madera Frontones y Aleros | G76: =MANZ.C!AL77 -> 17 | I76: =MANZ.D!Y77 -> 11 | K76: =MANZ.E!AK78 -> 12 | M76: =MANZ.F!AA77 -> 12 | O76: =MANZ.G!#REF! -> #ERROR! | Q76: =MANZ.H!V78 -> 9 | S76: =MANZ.I!AB76 -> 11 | U76: =MANZ.J!AS81 -> 20 | W76: =MANZ.K!AB78 -> 10 | Y76: =MANZ.L!Z78 -> 11 | AG76: =SUM(C76:AA76) -> #ERROR!
A77: C.8.2 | B77: Revestimiento
A78: C.8.2.3 | B78: Madera placas frontones smart panel H 11.1mm | G78: =MANZ.C!AL79 -> 0 | I78: =MANZ.D!Z44 -> 11 | K78: =MANZ.E!AL45 -> 15 | M78: =MANZ.F!AA79 -> 0 | O78: =MANZ.G!AT76 -> 17 | Q78: =MANZ.H!V80 -> 0 | S78: =MANZ.I!AB45 -> 11 | U78: =MANZ.J!AT48 -> 20 | W78: =MANZ.K!AB45 -> 10 | Y78: =MANZ.L!Z45 -> 7 | AG78: =SUM(C78:AA78) -> 91
A79: C.8.3 | B79: Rejillas de ventilacion | O79: =MANZ.G!AS77 | AG79: =SUM(C79:AA79) -> 0
A80: C.8.3.1 | B80: Rejilla de ventilacion adicional (Cocina) | E80: ='MANZ. B'!R86 -> 0 | O80: =MANZ.G!AS78 -> 18 | AG80: =SUM(C80:AA80) -> 18
A81: C.8.4 | B81: Tapacan (Smart Panel) | C81: ='MANZ. A'!H83 | G81: =MANZ.C!AL83 | I81: =MANZ.D!Z83 -> 0 | K81: =MANZ.E!AL84 -> 0 | M81: =MANZ.F!AA83 | O81: =MANZ.G!AS79 | Q81: =MANZ.H!V84 | S81: =MANZ.I!AB82 -> 11 | U81: =MANZ.J!AT87 | W81: =MANZ.K!AB84 | Y81: =MANZ.L!Y84 | AG81: =SUM(C81:AA81) -> 11
A82: C.8.5.1 | B82: Fibrocemento 4 mm (Rev. Alero) | C82: ='MANZ. A'!#REF! -> #ERROR! | E82: ='MANZ. B'!R83 -> 0 | G82: =MANZ.C!AL80 -> 17 | I82: =MANZ.D!Z80 -> 11 | K82: =MANZ.E!AL81 -> 12 | M82: =MANZ.F!AA80 -> 12 | O82: =MANZ.G!AS81 -> 1 | Q82: =MANZ.H!V81 -> 9 | S82: =MANZ.I!AB79 -> 0 | U82: =MANZ.J!AT84 -> 20 | W82: =MANZ.K!AB81 -> 10 | Y82: =MANZ.L!Z81 -> 7 | AG82: =SUM(C82:AA82) -> #ERROR!
A83: C.9 | B83: PUERTAS Y VENTANAS
A84: C.9.1 | B84: Marcos
A85: C.9.1.1 | B85: Madera | G85: =MANZ.C!AL86 -> 17 | M85: =MANZ.F!AB86 -> 3 | O85: =MANZ.G!AS84 -> 18 | Q85: =MANZ.H!V87 -> 9 | S85: =MANZ.I!AB85 -> 3 | U85: =MANZ.J!AT90 -> 1 | W85: =MANZ.K!AB87 -> 8 | AG85: =SUM(C84:AA84) -> 0
A86: C.9.2 | B86: Puertas interiores | O86: =MANZ.G!AS85 | AG86: =SUM(C85:AA85) -> 59
A87: C.9.2.1 | B87: Puerta ancho 70 | G87: =MANZ.C!AL87 -> 0 | M87: =MANZ.F!AB87 -> 0 | O87: =MANZ.G!AS86 | Q87: =MANZ.H!V88 -> 0 | S87: =MANZ.I!AB87 -> 3 | U87: =MANZ.J!AT91 -> 0 | W87: =MANZ.K!AB88 -> 0 | AG87: =SUM(C86:AA86) -> 0
A88: C.9.2.3 | B88: Puerta ancho 80 | O88: =MANZ.G!AS87 -> 17 | AG88: =SUM(C87:AA87) -> 3
A89: C.9.2.4 | B89: Puerta ancho 85 | O89: =MANZ.G!AS88 | AG89: =SUM(C88:AA88) -> 17
A90: C.9.3 | B90: Puerta exteriores | O90: =MANZ.G!AS89 -> 17 | AG90: =SUM(C89:AA89) -> 0
A91: C.9.3.1 | B91: Puerta ancho 80 (Metalica) | G91: =MANZ.C!AL91 | I91: =MANZ.D!Z91 | K91: =MANZ.E!AL92 | M91: =MANZ.F!AB91 | O91: =MANZ.G!#REF! -> #ERROR! | Q91: =MANZ.H!V92 | S91: =MANZ.I!AB90 -> 10 | U91: =MANZ.J!AT95 | W91: =MANZ.K!AB92 | AG91: =SUM(C90:AA90) -> 17
A92: C.9.3.2 | B92: Puerta ancho 85 (Metalica) | G92: =MANZ.C!AL92 -> 17 | I92: =MANZ.D!Z92 -> 7 | K92: =MANZ.E!AL93 -> 0 | M92: =MANZ.F!AB92 -> 8 | O92: =MANZ.G!#REF! -> #ERROR! | Q92: =MANZ.H!V93 -> 9 | S92: =MANZ.I!AB91 -> 10 | U92: =MANZ.J!AT96 -> 12 | W92: =MANZ.K!AB93 -> 10 | AG92: =SUM(C91:AA91) -> #ERROR!
A93: C.9.4 | B93: Quincallería (incluye chapas, perillas, bisagras y topes) | O93: =MANZ.G!AS90 -> 1 | AG93: =SUM(C92:AA92) -> #ERROR!
A94: C.9.4.1 | B94: Puerta principal | G94: =MANZ.C!AL94 -> 17 | I94: =MANZ.D!Z94 -> 0 | K94: =MANZ.I!AB93 -> 5 | M94: =MANZ.F!AB94 -> 3 | O94: =MANZ.G!AS91 | Q94: =MANZ.H!V95 -> 9 | S94: =MANZ.I!AB93 -> 5 | U94: =MANZ.J!AT98 -> 1 | W94: =MANZ.K!AB95 -> 10 | AG94: =SUM(C93:AA93) -> 1
A95: C.9.4.2 | B95: Baño | G95: =MANZ.C!AL95 -> 17 | I95: =MANZ.D!Z95 -> 7 | K95: =MANZ.I!AB94 -> 3 | M95: =MANZ.F!AB95 -> 7 | O95: =MANZ.G!AS92 -> 18 | Q95: =MANZ.H!V96 -> 9 | S95: =MANZ.I!AB94 -> 3 | U95: =MANZ.J!AT99 -> 12 | W95: =MANZ.K!AB96 -> 10 | AG95: =SUM(C94:AA94) -> 50
A96: C.9.4.3 | B96: Interior | G96: =MANZ.C!AL96 | I96: =MANZ.D!Z96 | K96: =MANZ.I!AB95 -> 3 | M96: =MANZ.F!AB96 | O96: =MANZ.G!AS93 -> 18 | Q96: =MANZ.H!V97 | S96: =MANZ.I!AB95 -> 3 | U96: =MANZ.J!AT100 | W96: =MANZ.K!AB97 | AG96: =SUM(C95:AA95) -> 86
A97: C.9.4.4 | B97: Exterior cocina | G97: =MANZ.C!AL97 -> 17 | I97: =MANZ.D!Z97 -> 10 | K97: =MANZ.I!AB96 -> 5 | M97: =MANZ.F!AB97 -> 12 | O97: =MANZ.G!AS94 | Q97: =MANZ.H!V98 -> 9 | S97: =MANZ.I!AB96 -> 5 | U97: =MANZ.J!AT101 -> 20 | W97: =MANZ.K!AB98 -> 10 | AG97: =SUM(C96:AA96) -> 24
A98: C.9.5 | B98: Ventanas (incluye quincallería) | O98: =MANZ.G!AS95 -> 18 | AG98: =SUM(C97:AA97) -> 88
A99: C.9.5.2 | B99: PVC TERMOPANEL | C99: ='MANZ. A'!H100 | E99: ='MANZ. B'!R102 -> 0 | G99: =MANZ.C!AL99 -> 17 | I99: =MANZ.D!Z99 -> 0 | K99: =MANZ.E!AL100 -> 0 | M99: =MANZ.F!AB99 -> 8 | O99: =MANZ.G!AT96 -> 15 | Q99: =MANZ.H!V100 -> 9 | S99: =MANZ.I!AB98 -> 10 | U99: =MANZ.J!AS103 -> 6 | W99: =MANZ.K!AB100 -> 10 | Y99: =MANZ.L!Z100 -> 0 | AA99: ='SALA MULTIUSO'!F113 | AG99: =SUM(C98:AA98) -> 18
A100: C.10 | B100: MOLDURAS
A101: C.10.1 | B101: Guardapolvos | G101: =MANZ.C!AL101 | M101: =MANZ.F!AB101 | O101: =MANZ.G!AS98 -> 16 | Q101: =MANZ.H!V102 | U101: =MANZ.J!AT105 | W101: =MANZ.K!AB102 | AG101: =SUM(C100:AA100) -> 0
A102: C.10.2 | B102: Cornisas | G102: =MANZ.C!AL102 -> 17 | M102: =MANZ.F!AB102 -> 7 | O102: =MANZ.G!AS99 | Q102: =MANZ.H!V103 -> 9 | U102: =MANZ.J!AT106 -> 0 | W102: =MANZ.K!AB103 -> 0 | AG102: =SUM(C101:AA101) -> 16
A103: C.11 | B103: PINTURAS
...
